,Name_197,stockType_197,Name-EOD,Type-EOD,securityType-FIGI,securityType2-FIGI,type_match
7,A P Moller-Maersk-B-Unsp Adr,Adr,Ap Moeller-Maersk As,Common Stock,Adr,Depositary Receipt,-1
16,Aareal Bank Ag-Unspon Adr,Adr,Aareal Bank Ag Adr,Common Stock,Adr,Depositary Receipt,-1
25,Abacus Property Group,Reit,Abacus Property Group,Common Stock,Reit,Reit,-1
44,Aberdeen Asian Income Fund L,Closed-End Fund,Abrdn Asian Income Fund Limited,Common Stock,Closed-End Fund,Mutual Fund,-1
45,Aberdeen Global Income Fund,Closed-End Fund,Aberdeen Global If Inc,Common Stock,Closed-End Fund,Mutual Fund,-1
55,Aberforth Smaller Cos-Ord,Closed-End Fund,Aberforth Smaller Companies Trust Plc,Common Stock,Closed-End Fund,Mutual Fund,-1
56,Aberforth Split Level Income,Closed-End Fund,Aberforth Split Level Income Trust Plc,Common Stock,Closed-End Fund,Mutual Fund,-1
57,Aberforth Split Level Income,Closed-End Fund,Aberforth Split Level Income Trust Plc,Common Stock,Closed-End Fund,Mutual Fund,-1
65,Abn Amro Bank Nv-Cva,Dutch Cert,Abn Amro Group Nv,Common Stock,Dutch Cert,Depositary Receipt,-1
67,Aboitiz Equity Ventures-Adr,Adr,Aboitiz Equity Ventures Inc Adr,Common Stock,Adr,Depositary Receipt,-1
87,Acadia Realty Trust,Reit,Acadia Realty Trust,Common Stock,Reit,Reit,-1
140,Acorn Capital Investment Fun,Closed-End Fund,Acorn Capital Invest Fund,Common Stock,Closed-End Fund,Mutual Fund,-1
156,Activia Properties Inc,Reit,Activia Properties Inc,Common Stock,Reit,Reit,-1
182,Adaptimmune Therapeutics-Adr,Adr,Adaptimmune Therapeutics Plc,Common Stock,Adr,Depositary Receipt,-1
213,Adidas Ag-Sponsored Adr,Adr,Adidas Ag Adr,Common Stock,Adr,Depositary Receipt,-1
225,Adriatic Metals Plc-Cdi,Cdi,Adriatic Metals Plc,Common Stock,Cdi,Depositary Receipt,-1
255,Advisorshares Dorsey Wright,Etf,Advisorshares Dorsey Wright Adr Etf,Etf,Etp,Mutual Fund,-1
351,Agfa Gevaert Nv-Unspon Adr,Adr,Agfa Gevaert Nv Adr,Common Stock,Adr,Depositary Receipt,-1
364,Agnc Investment Corp,Reit,,,Public,Preferred Stock,-1
399,Ai Powered Equity Etf,Etf,Ai Powered Equity Etf,Etf,Etp,Mutual Fund,-1
417,Air China Ltd-Sponsored-Adr,Adr,Air China Ltd Adr,Common Stock,Adr,Depositary Receipt,-1
430,Airnet Technology Inc-Adr,Adr,Airnet Technology Inc,Common Stock,Adr,Depositary Receipt,-1
434,Airports Of Thailand Pcl-Adr,Adr,Airports Of Thailand Pcl Adr,Common Stock,Adr,Depositary Receipt,-1
457,Akari Therapeutics Plc-Adr,Adr,Akari Therapeutics Plc,Common Stock,Adr,Depositary Receipt,-1
500,Alberton Acquisition Corp,Unit,Alberton Acquisition Corporation,Common Stock,,,-1
501,Albion Development Vct Plc,Closed-End Fund,Albion Development Vct Plc,Common Stock,Closed-End Fund,Mutual Fund,-1
502,Albion Technology & General,Closed-End Fund,Albion Technology & General Vct Plc,Common Stock,Closed-End Fund,Mutual Fund,-1
532,Alexander & Baldwin Inc,Reit,Alexander & Baldwin Holdings Inc,Common Stock,Reit,Reit,-1
549,Alibaba Group Holding-Sp Adr,Adr,Alibaba Group Holding Ltd,Common Stock,Adr,Depositary Receipt,-1
560,Alior Bank Sa - Unsp Adr,Adr,Alior Bank Sa Adr,Common Stock,Adr,Depositary Receipt,-1
563,Alk-Abello A/S-Spon Adr,Adr,Alk-Abello A/S Adr,Common Stock,Adr,Depositary Receipt,-1
599,Alliance Global Gro-Unsp Adr,Adr,Alliance Global Group Inc,Common Stock,Adr,Depositary Receipt,-1
606,Alliance Resource Partners,Mlp,Alliance Resource Partners Lp,Common Stock,Mlp,Partnership Shares,-1
608,Alliance Trust Plc,Closed-End Fund,Alliance Trust Plc,Common Stock,Closed-End Fund,Mutual Fund,-1
609,Alliancebernstein Holding Lp,Mlp,Alliancebernstein Holding Lp,Common Stock,Mlp,Partnership Shares,-1
661,Alphaclone Alternative Alpha,Etf,Alphaclone Alternative Alpha Etf,Etf,Etp,Mutual Fund,-1
664,Alphamark Act Managed Small,Etf,Alphamark Actively Managed Small Cap Etf,Etf,Etp,Mutual Fund,-1
670,Alpine Select Ag-Reg Shs,Closed-End Fund,Alpine Select Ag,Common Stock,Closed-End Fund,Mutual Fund,-1
676,Alstria Office Reit-Ag,Reit,Alstria Office Reit-Ag,Common Stock,Reit,Reit,-1
739,Amadeus It Group-Unsp Adr,Adr,Amadeus It Holding Sa Pk,Common Stock,Adr,Depositary Receipt,-1
751,Amarin Corporation Plc -Adr,Adr,Amarin Corporation Plc,Common Stock,Adr,Depositary Receipt,-1
763,Ambev Sa-Adr,Adr,Ambev Sa Adr,Common Stock,Adr,Depositary Receipt,-1
770,Ambow Education Holding-Adr,Adr,Ambow Education Holding Ltd,Common Stock,Adr,Depositary Receipt,-1
777,Amcil Limited,Closed-End Fund,Amcil Ltd,Common Stock,Closed-End Fund,Mutual Fund,-1
782,Amcor Plc-Cdi,Cdi,Amcor Plc,Common Stock,Cdi,Depositary Receipt,-1
797,America First Multifamily In,Mlp,America First Tax Exempt Investors,Common Stock,Mlp,Partnership Shares,-1
799,America Movil-Adr Series A,Adr,America Movil Sab De Cv Adr Class A,Common Stock,Adr,Depositary Receipt,-1
803,American Assets Trust Inc,Reit,American Assets Trust Inc,Common Stock,Reit,Reit,-1
812,American Campus Communities,Reit,American Campus Communities Inc,Common Stock,Reit,Reit,-1
817,American Century Diversified,Etf,American Century Diversified Corporate Bond Etf,Etf,Etp,Mutual Fund,-1
818,American Church Mortgage Co,Reit,American Church Mortgage Co,Common Stock,Reit,Reit,-1
840,American Financial Group Inc/Oh,Preferred Stock,American Financial Group Inc,Common Stock,Public,Preferred Stock,-1
846,American Homes 4 Rent- A,Reit,American Homes 4 Rent,Common Stock,Reit,Reit,-1
880,American Spectrum Realty Inc,Reit,American Spectrum Realty Inc,Common Stock,Reit,Reit,-1
894,Americold Realty Trust,Reit,Americold Realty Trust,Common Stock,Reit,Reit,-1
935,Amtrust Financial Servic,Preferred Stock,Amtrust Financial Services Inc Adr Series D,Common Stock,Public,Preferred Stock,-1
936,Amtrust Financial Servic,Preferred Stock,Amtrust Financial Services Inc Adr Series D,Common Stock,Public,Preferred Stock,-1
937,Amtrust Financial Servic,Preferred Stock,Amtrust Financial Services Inc Adr Series D,Common Stock,Public,Preferred Stock,-1
938,Amtrust Financial Servic,Preferred Stock,Amtrust Financial Services Inc Adr Series D,Common Stock,Public,Preferred Stock,-1
939,Amtrust Financial Servic,Preferred Stock,Amtrust Financial Services Inc Adr Series D,Common Stock,Public,Preferred Stock,-1
940,"Amtrust Financial Services, Inc Preferred",Preferred Stock,Amtrust Financial Services Prf 7 50 Exp15Jun2055,Etf,Public,Preferred Stock,-1
941,Amtrust Finl Svcs Inc Dep Sh Repstg,Preferred Stock,Amtrust Financial Services Inc Adr Series B,Common Stock,Public,Preferred Stock,-1
948,Anadolu Efes Biracilik-Adr,Adr,Anadolu Efes Biracilik Ve Malt Sanayii As Adr,Common Stock,Adr,Depositary Receipt,-1
985,Andritz Ag-Unspon Adr,Adr,Andritz Ag Adr,Common Stock,Adr,Depositary Receipt,-1
999,Angle Plc-Spon Adr,Adr,Angle Plc Adr,Common Stock,Adr,Depositary Receipt,-1
1005,Anglogold Ashanti Ltd-Cdi,Cdi,Anglogold Ashanti Ltd Drc,Common Stock,Cdi,Depositary Receipt,-1
1028,Annaly Capital Management In,Reit,Annaly Capital Management Inc,Common Stock,Reit,Reit,-1
1082,Apax Global Alpha Ltd,Closed-End Fund,Apax Global Alpha Ltd,Common Stock,Closed-End Fund,Mutual Fund,-1
1121,Apple Hospitality Reit Inc,Reit,Apple Hospitality Reit Inc,Common Stock,Reit,Reit,-1
1167,Arabian Food Industries Comp,Gdr,,,Common Stock,Common Stock,-1
1178,Arbor Realty Trust Inc,Reit,Arbor Realty Trust,Common Stock,Reit,Reit,-1
1190,Arcelormittal South-Spn Adr,Adr,Arcelormittal South Africa Ltd Adr,Common Stock,Adr,Depositary Receipt,-1
1192,Arch Capital Group Ltd,Common Stock,,,Public,Preferred Stock,-1
1215,Arctic Glacier Income Fd-Ut,Unit,Arctic Glacier Income Fund,Mutual Fund,Unit,Unit,-1
1233,Ares Commercial Real Estate,Reit,Ares Commercial Real Estate,Common Stock,Reit,Reit,-1
1265,Arima Real Estate Socimi Sa,Reit,Arima Real Estate Socimi Sa,Common Stock,Reit,Reit,-1
1266,Arion Banki Hf-Sdr,Sdr,Arion Banki Hf,Common Stock,Sdr,Depositary Receipt,-1
1283,Arlington Asset Investment-A,Reit,Arlington Asset Investment Corp,Common Stock,Reit,Reit,-1
1287,Armada Hoffler Properties In,Reit,Armada Hflr Pr,Common Stock,Reit,Reit,-1
1296,Armour Residential Reit Inc,Reit,Armour Residential Reit Inc,Common Stock,Reit,Reit,-1
1324,Artemis Alpha Trust Plc-Ord,Closed-End Fund,Artemis Alpha Trust,Common Stock,Closed-End Fund,Mutual Fund,-1
1349,Asa Gold And Precious Metals,Closed-End Fund,Asa Gold And Precious Metals Ltd,Common Stock,Closed-End Fund,Mutual Fund,-1
1370,Ascendas Real Estate Inv Trt,Reit,Ascendas Real Estate Investment Trust,Common Stock,Reit,Reit,-1
1371,Ascendis Pharma A/S - Adr,Adr,Ascendis Pharma As,Common Stock,Adr,Depositary Receipt,-1
1382,Ase Technology Holding -Adr,Adr,Ase Industrial Holding Co Ltd Adr,Common Stock,Adr,Depositary Receipt,-1
1401,Ashoka India Equity It,Closed-End Fund,Ashoka India Equity Investment Trust Plc,Common Stock,Closed-End Fund,Mutual Fund,-1
1444,Asian Pay Television Trust,Unit,Asian Pay Television Trust,Common Stock,Unit,Unit,-1
1454,Aslan Pharmaceuticals Lt-Adr,Adr,Aslan Pharmaceuticals Ltd Adr,Common Stock,Adr,Depositary Receipt,-1
1456,Asml Holding Nv-Ny Reg Shs,Ny Reg Shrs,Asml Holding Nv Adr,Common Stock,Ny Reg Shrs,Depositary Receipt,-1
1478,Assura Plc,Reit,Assura Plc,Common Stock,Reit,Reit,-1
1496,Astra Agro Lestari-Unsp Adr,Adr,Astra Agro Lestari Tbk,Common Stock,Adr,Depositary Receipt,-1
1528,Athelney Trust Plc,Closed-End Fund,Athelney Trust Plc,Common Stock,Closed-End Fund,Mutual Fund,-1
1572,Atos Origin Sa-Unsp Adr,Adr,Atos Origin Sa Adr,Common Stock,Adr,Depositary Receipt,-1
1609,Augmentum Fintech Plc,Closed-End Fund,Augmentum Fintech Plc,Common Stock,Closed-End Fund,Mutual Fund,-1
1641,Aurora Global Income Trust,Closed-End Fund,Aurora Global Income Trust,Common Stock,Closed-End Fund,Mutual Fund,-1
1643,Aurora Investment Trust Plc,Closed-End Fund,Aurora Investment Trust Plc,Common Stock,Closed-End Fund,Mutual Fund,-1
1646,Aurora Mobile Ltd-Adr,Adr,Aurora Mobile Ltd,Common Stock,Adr,Depositary Receipt,-1
1674,Australian Dairy Nutritional,Stapled Security,Australian Dairy Farms Group,Common Stock,Stapled Security,Unit,-1
1676,Australian Foundation Inv Co,Closed-End Fund,Australian Foundation Investment Company Ltd,Common Stock,Closed-End Fund,Mutual Fund,-1
1682,Australian United Investment,Closed-End Fund,Australian United Investment Co Ltd,Etf,Closed-End Fund,Mutual Fund,-1
1683,Australian Unity Office Fund,Reit,Australian Unity Office Fund,Common Stock,Reit,Reit,-1
1694,Auto Trader Group-Unsp Adr,Adr,Auto Trader Group Plc Adr,Common Stock,Adr,Depositary Receipt,-1
1699,Autohome Inc-Adr,Adr,Autohome Inc,Common Stock,Adr,Depositary Receipt,-1
1701,Autoliv Inc-Swed Dep Receipt,Sdr,Autoliv Inc,Common Stock,Sdr,Depositary Receipt,-1
1702,Autolus Therapeutics Plc,Adr,Autolus Therapeutics Ltd,Common Stock,Adr,Depositary Receipt,-1
1719,Avadel Pharmaceuticals-Adr,Adr,Avadel Pharmaceuticals Plc,Common Stock,Adr,Depositary Receipt,-1
1830,Axos Financial Inc,Common Stock,,,Public,Preferred Stock,-1
1836,Ayala Corporation-Unspon Adr,Adr,Ayala Corp Adr,Common Stock,Adr,Depositary Receipt,-1
1849,Azimut Holding Spa-Unsp Adr,Adr,Azimut Holding Spa Adr,Common Stock,Adr,Depositary Receipt,-1
1879,Bae Systems Plc -Spon Adr,Adr,Bae Systems Plc,Common Stock,Adr,Depositary Receipt,-1
1885,Baidu Inc - Spon Adr,Adr,Baidu Inc,Common Stock,Adr,Depositary Receipt,-1
1886,Baillie Gifford European Gro,Closed-End Fund,Baillie Gifford European Growth Trust Plc,Common Stock,Closed-End Fund,Mutual Fund,-1
1887,Baillie Gifford Japan Trust,Closed-End Fund,Baillie Gifford Japan Trust,Common Stock,Closed-End Fund,Mutual Fund,-1
1888,Baillie Gifford Shin Nippon,Closed-End Fund,Baillie Gifford Shin Nippon Plc,Common Stock,Closed-End Fund,Mutual Fund,-1
1902,Baker Steel Resources Trust,Closed-End Fund,Baker Steel Resources Trust,Common Stock,Closed-End Fund,Mutual Fund,-1
1916,Balfour Beatty Plc-Spon Adr,Adr,Balfour Beatty Plc Adr,Common Stock,Adr,Depositary Receipt,-1
1944,Banco Bradesco-Adr,Adr,Banco Bradesco S/A Adr,Common Stock,Adr,Depositary Receipt,-1
1945,Banco Bradesco-Adr,Adr,Banco Bradesco S/A Adr,Common Stock,Adr,Depositary Receipt,-1
1946,Banco De Chile-Adr,Adr,Banco De Chile,Common Stock,Adr,Depositary Receipt,-1
1947,Banco Do Brasil Sa-Spon Adr,Adr,Banco Do Brasil Sa,Common Stock,Adr,Depositary Receipt,-1
1948,Banco Macro Sa-Adr,Adr,Banco Macro Sa B Adr,Common Stock,Adr,Depositary Receipt,-1
1949,Banco Nacional De Mexico S.A,Misc.,,,Pvt Eqty Fund,Mutual Fund,-1
1951,Bancolombia S.A.-Spons Adr,Adr,Bancolombia Sa Adr,Common Stock,Adr,Depositary Receipt,-1
1954,Bancroft Fund Ltd,Closed-End Fund,Bancroft Fund Limited,Common Stock,Closed-End Fund,Mutual Fund,-1
1964,Bangkok Dusit Med -Unsp Adr,Adr,Bangkok Dusit Medical Services Pcl Adr,Common Stock,Adr,Depositary Receipt,-1
1968,Bank East Asia Ltd-Spons Adr,Adr,Bank Of East Asia Limited,Common Stock,Adr,Depositary Receipt,-1
1972,Bank Hapoalim Ltd-Adr,Adr,Bank Hapoalim Adr,Common Stock,Adr,Depositary Receipt,-1
1992,Bank Of Queensland-Unsp Adr,Adr,Bank Of Queensland Ltd Adr,Common Stock,Adr,Depositary Receipt,-1
1995,Bank Rakyat Indonesia-Un Adr,Adr,Bank Rakyat,Common Stock,Adr,Depositary Receipt,-1
2006,Banpu Public Co L-Unspon Adr,Adr,Banpu Pcl Adr,Common Stock,Adr,Depositary Receipt,-1
2013,Baozun Inc-Spn Adr,Adr,Baozun Inc,Common Stock,Adr,Depositary Receipt,-1
2027,Baring Emerging Europe Plc,Closed-End Fund,Baring Emerging Europe Plc,Common Stock,Closed-End Fund,Mutual Fund,-1
2037,Baronsmead Second Venture Tr,Closed-End Fund,Baronsmead Second Venture Trust Plc,Common Stock,Closed-End Fund,Mutual Fund,-1
2038,Baronsmead Venture Trust Plc,Closed-End Fund,Baronsmead Venture Trust Plc,Common Stock,Closed-End Fund,Mutual Fund,-1
2045,Barron'S 400 Etf,Etf,Barron'S 400 Etf,Etf,Etp,Mutual Fund,-1
2103,Bdo Unibank Inc-Spon Adr,Adr,Bdo Unibank Inc Adr,Common Stock,Adr,Depositary Receipt,-1
2110,Beach Energy Ltd-Unsp Adr,Adr,Beach Energy Ltd,Common Stock,Adr,Depositary Receipt,-1
2147,Beiersdorf Ag-Unspon Adr,Adr,Beiersdorf Ag Adr,Common Stock,Adr,Depositary Receipt,-1
2171,Bellway Plc-Unsponsored Adr,Adr,Bellway Plc Adr,Common Stock,Adr,Depositary Receipt,-1
2195,Bentley Capital Ltd,Closed-End Fund,Bentley Capital Ltd,Common Stock,Closed-End Fund,Mutual Fund,-1
2209,Berli Jucker Public Co-Adr,Adr,Berli Jucker Pcl Adr,Common Stock,Adr,Depositary Receipt,-1
2228,Betashares Aus High Interest,Etf,Australian High Interest Cash,Etf,Etp,Mutual Fund,-1
2254,Bh Macro Ltd,Closed-End Fund,Bh Macro Ltd,Common Stock,Closed-End Fund,Mutual Fund,-1
2278,Bicycle Therapeutics Ltd-Adr,Adr,Bicycle Therapeutics Ltd,Common Stock,Adr,Depositary Receipt,-1
2281,Bidvest Group Ltd-Spons Adr,Adr,Bidvest Group Ltd Pk,Common Stock,Adr,Depositary Receipt,-1
2285,Big Pharma Split Corp,Closed-End Fund,Big Pharma Split Corp Class A,Common Stock,Closed-End Fund,Mutual Fund,-1
2293,Big Yellow Group Plc,Reit,Big Yellow Group Plc,Common Stock,Reit,Reit,-1
2302,Bilibili Inc-Sponsored Adr,Adr,Bilibili Inc,Common Stock,Adr,Depositary Receipt,-1
2345,Biolinerx Ltd,Common Stock,Biolinerx Ltd,Common Stock,Adr,Depositary Receipt,-1
2357,Biondvax Pharmaceuticals-Adr,Adr,Biondvax Pharmaceuticals Ltd Adr,Common Stock,Adr,Depositary Receipt,-1
2365,Biopharma Credit Plc,Closed-End Fund,Biopharma Credit Plc,Common Stock,Closed-End Fund,Mutual Fund,-1
2381,Biotech Growth Trust Plc/The,Closed-End Fund,The Biotech Growth Trust Plc,Common Stock,Closed-End Fund,Mutual Fund,-1
2421,Bki Investment Co Ltd,Closed-End Fund,Bki Investment Company Ltd,Common Stock,Closed-End Fund,Mutual Fund,-1
2440,Blackrock Core Bond Trust,Closed-End Fund,Blackrock Core Bond Closed Fund,Common Stock,Closed-End Fund,Mutual Fund,-1
2442,Blackrock Frontiers Invest,Closed-End Fund,Blackrock Frontiers Investment Trust Plc,Common Stock,Closed-End Fund,Mutual Fund,-1
2444,Blackrock Greater Europe Inv,Closed-End Fund,Blackrock Greater Europe Investment Trust Plc,Common Stock,Closed-End Fund,Mutual Fund,-1
2445,Blackrock Health Sciences,Closed-End Fund,Blackrock Health Sciences Trust,Common Stock,Closed-End Fund,Mutual Fund,-1
2448,Blackrock Latin American Inv,Closed-End Fund,Blackrock Latin American Investment Trust Plc,Etf,Closed-End Fund,Mutual Fund,-1
2456,Blackrock Smaller Companies,Closed-End Fund,Blackrock Smaller Companies Trust Plc,Common Stock,Closed-End Fund,Mutual Fund,-1
2457,Blackrock Throgmorton Trust,Closed-End Fund,Throgmorton Trust Plc,Common Stock,Closed-End Fund,Mutual Fund,-1
2458,Blackrock World Mining Trust,Closed-End Fund,Blackrock World Mining Trust Plc,Common Stock,Closed-End Fund,Mutual Fund,-1
2462,Blackstone Mortgage Tru-Cl A,Reit,Blackstone Mortgage Trust Inc,Common Stock,Reit,Reit,-1
2464,Blackwall Ltd,Reit,Blackwall Property Funds Ltd,Common Stock,Reit,Reit,-1
2482,Blockchain Technologies Etf,Etf,Blockchain Technologies,Common Stock,Etp,Mutual Fund,-1
2515,Blue Planet Investment Trust,Closed-End Fund,Blue Planet Investment Trust Plc,Common Stock,Closed-End Fund,Mutual Fund,-1
2538,Bluefield Solar Income Fund,Closed-End Fund,Bluefield Solar Income Fund,Common Stock,Closed-End Fund,Mutual Fund,-1
2543,Blueknight Energy Partners L,Mlp,Blueknight Energy Partners Lp Llc,Common Stock,Mlp,Partnership Shares,-1
2549,Bluescope Steel Ltd-Unsp Adr,Adr,Bluescope Steel Ltd Adr,Common Stock,Adr,Depositary Receipt,-1
2551,Bluestar Israel Technology E,Etf,Bluestar Israel Technology Etf,Etf,Etp,Mutual Fund,-1
2560,Bmo Global Communications In,Etf,Bmo Global Communications,Common Stock,Etp,Mutual Fund,-1
2572,Boardwalk Real Estate Invest,Reit,Boardwalk Real Estate Investment Trust,Common Stock,Reit,Reit,-1
2598,Boliden Ab-Unspn Adr,Adr,Boliden Ab Adr,Common Stock,Adr,Depositary Receipt,-1
2624,Boohoo Group Plc - Unsp Adr,Adr,Boohoo.Com Plc Adr,Common Stock,Adr,Depositary Receipt,-1
2679,Bouygues-Unsponsored Adr,Adr,Bouygues Sa Adr,Common Stock,Adr,Depositary Receipt,-1
2685,Box Ships Inc,Preferred Stock,Box Ships Inc,Common Stock,Common Stock,Common Stock,-1
2695,Bp Prudhoe Bay Royalty Trust,Royalty Trst,Bp Prudhoe Bay Royalty Trust,Common Stock,Royalty Trst,Common Stock,-1
2701,Braemar Hotels & Resorts Inc,Reit,Braemar Hotel & Resorts Inc,Common Stock,Reit,Reit,-1
2707,Brainsway Ltd-Adr,Adr,Brainsway Ltd,Common Stock,Adr,Depositary Receipt,-1
2715,Brandywine Realty Trust,Reit,Brandywine Realty Trust,Common Stock,Reit,Reit,-1
2716,Braskem Sa-Spon Adr,Adr,Braskem Sa Class A,Common Stock,Adr,Depositary Receipt,-1
2773,Bristol Gate Concentrat Etf,Etf,Bristol Gate Concentrated Canadian Equity,Common Stock,Etp,Mutual Fund,-1
2774,Bristol Myers Squibb Co: Bmy Pr,Convpreferred,Bristol-Myers Squibb Company Pfd Conv 2,Common Stock,Public,Preferred Stock,-1
2780,British & American Invest Tr,Closed-End Fund,British And American Investment Trust Plc,Common Stock,Closed-End Fund,Mutual Fund,-1
2782,British Land Co Plc,Reit,British Land Company Plc,Common Stock,Reit,Reit,-1
2783,British Smaller Companies Vc,Closed-End Fund,British Smaller Companies Vct 2 Plc,Common Stock,Closed-End Fund,Mutual Fund,-1
2785,Brixmor Property Group Inc,Reit,Brixmor Property,Common Stock,Reit,Reit,-1
2804,Brompton Global Dividend-Etf,Etf,Brompton Global Dividend Growth Etf,Etf,Etp,Mutual Fund,-1
2805,Brompton Lifeco Split Corp-A,Closed-End Fund,Brompton Lifeco Split Corp,Common Stock,Closed-End Fund,Mutual Fund,-1
2806,Brompton Oil Split Corp -A,Closed-End Fund,Brompton Oil Split Corp,Common Stock,Closed-End Fund,Mutual Fund,-1
2807,Brompton Split Banc Cor-Cl A,Closed-End Fund,Brompton Split Banc Corp,Common Stock,Closed-End Fund,Mutual Fund,-1
2814,Brookfield Infrastructure Pa,Ltd Part,Brookfield Infrastructure Partners Lp,Common Stock,Ltd Part,Partnership Shares,-1
2817,Brookfield Renewable Partner,Ltd Part,Brookfield Renewable Partners Lp,Common Stock,Ltd Part,Partnership Shares,-1
2832,Brt Apartments Corp,Reit,Brt Realty Trust,Common Stock,Reit,Reit,-1
2836,Brunner Investment Trust Plc,Closed-End Fund,Brunner Investment Trust,Common Stock,Closed-End Fund,Mutual Fund,-1
2866,Builders Capital Mortgage Co,Closed-End Fund,Builders Capital Mortgage Corp,Common Stock,Closed-End Fund,Mutual Fund,-1
2869,Buildingiq Inc-Cdi,Cdi,Buildingiq Inc,Common Stock,Cdi,Depositary Receipt,-1
2879,Bumi Serpong Damai-Unsp Adr,Adr,Bumi Serpong Damai Tbk Pt Adr,Common Stock,Adr,Depositary Receipt,-1
2945,Cadence Capital Ltd,Closed-End Fund,Cadence Capital Ltd,Common Stock,Closed-End Fund,Mutual Fund,-1
2972,Caledonia Investments Plc,Closed-End Fund,Caledonia Investments,Common Stock,Closed-End Fund,Mutual Fund,-1
3005,Calumet Specialty Products,Mlp,Calumet Specialty Products Partners,Common Stock,Mlp,Partnership Shares,-1
3019,Camden Property Trust,Reit,Camden Property Trust,Common Stock,Reit,Reit,-1
3035,Can Fite Biopharma Ltd-Adr,Adr,Can Fite Biopharma Ltd Adr,Common Stock,Adr,Depositary Receipt,-1
3050,Canadian General Investments,Closed-End Fund,Canadian General Investments Ltd,Common Stock,Closed-End Fund,Mutual Fund,-1
3060,Canadian Solar Infrastructur,Unit,Canadian Solar Infrastructure Fund Inc,Common Stock,Unit,Unit,-1
3092,Cango Inc/Ky - Adr,Adr,Cango Inc,Common Stock,Adr,Depositary Receipt,-1
3149,Capital Gearing Trust-Ord,Closed-End Fund,Capital Gearing Trust,Common Stock,Closed-End Fund,Mutual Fund,-1
3195,Carbone Lorraine-Unsp Adr,Adr,Mersen Sa Adr,Common Stock,Adr,Depositary Receipt,-1
3219,Care Property Invest,Reit,Care Property Invest Nv,Common Stock,Reit,Reit,-1
3231,Caretrust Reit Inc,Reit,Caretrust Inc,Common Stock,Reit,Reit,-1
3237,Carindale Property Trust,Reit,Carindale Property Trust,Common Stock,Reit,Reit,-1
3243,Carlsberg As-B-Spon Adr,Adr,Carlsberg As,Common Stock,Adr,Depositary Receipt,-1
3244,Carlton Investments Limited,Closed-End Fund,Carlton Investments Ltd,Common Stock,Closed-End Fund,Mutual Fund,-1
3330,Catchmark Timber Trust Inc-A,Reit,Catchmark Timber Trust Inc,Common Stock,Reit,Reit,-1
3371,Cdl Hospitality Trusts,Stapled Security,Cdl Hospitality Trusts,Common Stock,Stapled Security,Unit,-1
3379,Cebu Air Inc-Unsponsored Adr,Adr,Cebu Air Inc Adr,Common Stock,Adr,Depositary Receipt,-1
3456,Central Securities Corp,Closed-End Fund,Central Securities Corporation,Common Stock,Closed-End Fund,Mutual Fund,-1
3473,Centuria Capital Group,Stapled Security,Centuria Capital Ltd,Common Stock,Stapled Security,Unit,-1
3575,Charter Hall Group,Reit,Charter Hall Group,Common Stock,Reit,Reit,-1
3582,Chatham Lodging Trust,Reit,Chatham Lodging Trust Reit,Common Stock,Reit,Reit,-1
3591,Cheetah Mobile Inc - Adr,Adr,Cheetah Mobile Inc,Common Stock,Adr,Depositary Receipt,-1
3596,Chelverton Growth Trust Plc,Closed-End Fund,Chelverton Growth Trust Plc,Common Stock,Closed-End Fund,Mutual Fund,-1
3613,Cheniere Energy Partners Lp,Mlp,Cheniere Energy Partners Lp,Common Stock,Mlp,Partnership Shares,-1
3616,Cherry Hill Mortgage Investm,Reit,Cherry Hill Mortgage Investment Corp,Common Stock,Reit,Reit,-1
3620,Chesapeake Granite Wash Trus,Royalty Trst,Chesapeake Granite Wash Trust,Common Stock,Royalty Trst,Common Stock,-1
3650,Chimera Investment Corp,Reit,Chimera Investment Corporation,Common Stock,Reit,Reit,-1
3808,China New Borun Corp-Adr,Adr,China New Borun Corporation,Common Stock,Adr,Depositary Receipt,-1
3927,Chipmos Technologies Inc-Adr,Adr,Chipmos Technologies Inc,Common Stock,Adr,Depositary Receipt,-1
3962,Chunghwa Telecom Lt-Spon Adr,Adr,Chunghwa Telecom Co Ltd,Common Stock,Adr,Depositary Receipt,-1
3973,Cibc Active Investment Grade,Etf,Cibc Active Investment Grade Corporate Bond,Common Stock,Etp,Mutual Fund,-1
4063,City Office Reit Inc,Reit,City Office,Common Stock,Reit,Reit,-1
4073,Civitas Social Housing Plc,Reit,Civitas Social Housing Plc,Common Stock,Reit,Reit,-1
4074,Civmec Ltd/Cdi,Cdi,Civmec Ltd,Common Stock,Cdi,Depositary Receipt,-1
4146,Clime Capital Ltd,Closed-End Fund,,,Public,Preferred Stock,-1
4153,Clipper Realty Inc,Reit,Clipper Realty Inc,Common Stock,Reit,Reit,-1
4170,Clrbrdg Lrg Cap Gwth Esg Etf,Etf,Clearbridge Large Cap Growth Esg Etf,Etf,Etp,Mutual Fund,-1
4171,Cls Holdings Plc,Common Stock,Cls Holdings Plc,Common Stock,Reit,Reit,-1
4185,Cms Energy Corp,Preferred Stock,Cms Energy Corporation,Common Stock,Common Stock,Common Stock,-1
4186,Cms Energy Corp,Preferred Stock,Cms Energy Corporation,Common Stock,Common Stock,Common Stock,-1
4192,Cnfinance Holdings Ltd,Adr,Cnfinance Holdings Ltd,Common Stock,Adr,Depositary Receipt,-1
4300,"Comcast 2.0% Ex Sb 101529""Zone",Us Domestic,Comcast Holdings Corp,Common Stock,Us Domestic,Corp,-1
4335,Community Healthcare Trust I,Reit,Community Healthcare Trust Inc,Common Stock,Reit,Reit,-1
4343,Compass Diversified Holdings,Mlp,Compass Diversified Holdings,Common Stock,Common Stock,Common Stock,-1
4418,Consumer Staples Spdr,Etf,Consumer Staples Select Sector Spdr® Fund,Etf,Etp,Mutual Fund,-1
4442,Convatec Group Plc-Unsp Adr,Adr,Convatec Group Plc Adr,Common Stock,Adr,Depositary Receipt,-1
4467,Copper Mountain Mining-Cdi,Cdi,Copper Mountain Mining Corporation,Common Stock,Cdi,Depositary Receipt,-1
4491,Corecivic Inc,Reit,Corecivic Inc,Common Stock,Common Stock,Common Stock,-1
4493,Corem Property Group Ab-Pref,Preference,Corem Property Group Ab (Publ),Common Stock,Preference,Preference,-1
4494,Corenergy Infrastructure Tru,Reit,Corenergy Infras,Common Stock,Reit,Reit,-1
4512,Coronado Global Resource-Cdi,Cdi,Coronado Global Resources Inc,Common Stock,Cdi,Depositary Receipt,-1
4519,Corporate Office Properties,Reit,Corporate Office Properties Trust,Common Stock,Reit,Reit,-1
4557,Costamare Inc,Preferred Stock,Costamare Inc,Common Stock,Common Stock,Common Stock,-1
4558,Costamare Inc,Preferred Stock,Costamare Inc,Common Stock,Common Stock,Common Stock,-1
4559,Costamare Inc,Preferred Stock,Costamare Inc,Common Stock,Common Stock,Common Stock,-1
4581,Cousins Properties Inc,Reit,Cousins Properties Incorporated,Common Stock,Reit,Reit,-1
4607,Cqs New City High Yield Fund,Closed-End Fund,Cqs New City High Yield Fund,Common Stock,Closed-End Fund,Mutual Fund,-1
4658,Crestwood Equity Partners Lp,Mlp,Crestwood Equity Partners Lp,Common Stock,Mlp,Partnership Shares,-1
4664,Crh Plc-Sponsored Adr,Adr,Crh Plc Adr,Common Stock,Adr,Depositary Receipt,-1
4678,Cromwell Property Group,Reit,Cromwell Property Group,Common Stock,Reit,Reit,-1
4686,Cross Timbers Royalty Trust,Royalty Trst,Cross Timbers Royalty Trust,Common Stock,Royalty Trst,Common Stock,-1
4688,Crossamerica Partners Lp,Mlp,Crossamerica Partners Lp,Common Stock,Mlp,Partnership Shares,-1
4743,Ctl 6 3/4 06/15/57 Pfd,Preferred Stock,Qwest Corp 6 75 Notes Expiry 2057,Common Stock,Public,Preferred Stock,-1
4786,Custodian Reit Plc,Reit,Custodian Reit Plc,Common Stock,Reit,Reit,-1
4791,Cv Holdings Inc,Reit,Cv Holdings Inc,Common Stock,Reit,Reit,-1
4820,Cyclacel Pharmaceuticals Inc Cnv Exch 6.0% Pfd,Convpreferred,Cyclacel Pharmaceuticals Inc,Preferred Stock,Public,Preferred Stock,-1
4831,Cymbria Corp-A,Closed-End Fund,Cymbria Corporation,Common Stock,Closed-End Fund,Mutual Fund,-1
4899,Daiwa Etf-Topix,Etf,Daiwa Topix Listed,Etf,Etp,Mutual Fund,-1
4903,Daiwa Office Investment Corp,Reit,Daiwa Office Investment Corp,Common Stock,Reit,Reit,-1
4933,Daqo New Energy Corp-Adr,Adr,Daqo New Energy Corp Adr,Common Stock,Adr,Depositary Receipt,-1
4945,Dasin Retail Trust,Unit,Dasin Retail Trust,Common Stock,Unit,Unit,-1
4968,Davis Select Financial Etf,Etf,Davis Select Financial Etf,Etf,Etp,Mutual Fund,-1
4969,Davis Select International,Etf,Davis Select International Etf,Etf,Etp,Mutual Fund,-1
4976,Db Base Metals Double Long,Etn,Db Base Metals Double Long Etn,Etf,Etp,Mutual Fund,-1
4977,Db Base Metals Double Short,Etn,Db Base Metals Double Short Etn,Etf,Etp,Mutual Fund,-1
4978,Db Crude Oil Double Short,Etn,,,Etp,Mutual Fund,-1
5036,Delek Logistics Partners Lp,Mlp,Delek Logistics Partners Lp,Common Stock,Mlp,Partnership Shares,-1
5086,Derwent London Plc,Reit,Derwent London Plc,Common Stock,Reit,Reit,-1
5143,Diageo Plc-Sponsored Adr,Adr,Diageo Plc Adr,Common Stock,Adr,Depositary Receipt,-1
5160,Diamondrock Hospitality Co,Reit,Diamondrock Hospitality Company,Common Stock,Reit,Reit,-1
5162,Diana Shipping Inc,Preferred Stock,Diana Shipping Inc,Common Stock,Common Stock,Common Stock,-1
5217,Direxion Daily Energy Bear 2,Etf,,,Etp,Mutual Fund,-1
5232,Distillate Us Fundamental St,Etf,Distillate Us Fundamental Stability & Value,Etf,Etp,Mutual Fund,-1
5239,Diverse Income Trust Plc/The,Closed-End Fund,Diverse Income Trust Plc,Common Stock,Closed-End Fund,Mutual Fund,-1
5241,Dividend 15 Split Corp Ii-A,Closed-End Fund,Dividend 15 Split Corp Ii,Common Stock,Closed-End Fund,Mutual Fund,-1
5243,Dividend Growth Split Corp-A,Closed-End Fund,Dividend Growth Split Corp,Common Stock,Closed-End Fund,Mutual Fund,-1
5247,Djerriwarrh Investments Limited,Closed-End Fund,Djerriwarrh Investments Ltd,Common Stock,Closed-End Fund,Mutual Fund,-1
5307,Dorchester Minerals Lp,Mlp,Dorchester Minerals Lp,Common Stock,Ltd Part,Partnership Shares,-1
5309,Doriemus Plc-Cdi,Cdi,Doriemus Plc,Common Stock,Cdi,Depositary Receipt,-1
5322,Douglas Emmett Inc,Reit,Douglas Emmett Inc,Common Stock,Reit,Reit,-1
5325,Douyu International Hold-Adr,Adr,Douyu International Holdings,Common Stock,Adr,Depositary Receipt,-1
5331,Downing One Vct Plc,Closed-End Fund,Downing One Vct Plc,Common Stock,Closed-End Fund,Mutual Fund,-1
5338,Dr Reddy'S Laboratories-Adr,Adr,Dr. Reddy’S Laboratories Ltd Adr,Common Stock,Adr,Depositary Receipt,-1
5339,Draegerwerk Ag - Pref,Preference,Draegerwerk Vzo O.N.,Common Stock,Preference,Preference,-1
5352,Drdgold Ltd-Sponsored Adr,Adr,Drdgold Ltd Adr,Common Stock,Adr,Depositary Receipt,-1
5372,Dte Energy Company,Common Stock,,,Public,Preferred Stock,-1
5387,Duke Energy Corp,Common Stock,,,Public,Preferred Stock,-1
5401,Dunedin Income Growth Inv Tr,Closed-End Fund,Dunedin Income Growth Investment Trust Plc,Common Stock,Closed-End Fund,Mutual Fund,-1
5415,Duxton Water Ltd,Closed-End Fund,Duxton Water Ltd,Common Stock,Closed-End Fund,Mutual Fund,-1
5420,Dws Municipal Income Trust,Closed-End Fund,Dws Municipal Income Trust,Common Stock,Closed-End Fund,Mutual Fund,-1
5430,Dynagas Lng Partners Lp,Mlp,Dynagas Lng Partners Lp,Common Stock,Mlp,Partnership Shares,-1
5431,Dynagas Lng Partners Lp,Preferred Stock,Dynagas Lng Partners Lp,Common Stock,Mlp,Partnership Shares,-1
5432,Dynagas Lng Partners Lp,Preferred Stock,Dynagas Lng Partners Lp,Common Stock,Mlp,Partnership Shares,-1
5445,Dynex Capital Inc,Reit,Dynex Capital Inc,Common Stock,Reit,Reit,-1
5452,E Split Corp - A,Closed-End Fund,E Split Corp Class A,Common Stock,Closed-End Fund,Mutual Fund,-1
5459,Eagle Capital Growth Fund,Closed-End Fund,Eagle Capital Growth Fund Inc,Common Stock,Closed-End Fund,Mutual Fund,-1
5473,Eagle Point Credit Co Inc,Closed-End Fund,Eagle Point Credit Company Inc,Common Stock,Public,Preferred Stock,-1
5474,Eagle Point Credit Co Inc,Preferred Stock,Eagle Point Credit Company Inc,Common Stock,Public,Preferred Stock,-1
5500,Eastgroup Properties Inc,Reit,Eastgroup Properties Inc,Common Stock,Reit,Reit,-1
5518,Eaton Vance Ca Muni Inc Trst,Closed-End Fund,Eaton Vance California Mit,Common Stock,Closed-End Fund,Mutual Fund,-1
5519,Eaton Vance Municipal Income,Closed-End Fund,Eaton Vance Municipal Income Closed Fund,Common Stock,Closed-End Fund,Mutual Fund,-1
5520,Eaton Vance Senior Income Tr,Closed-End Fund,Eaton Vance Senior Income Closed Fund,Common Stock,Closed-End Fund,Mutual Fund,-1
5529,Ecclesiastical Insurance Office Plc 8.625% Non Cum Irrd Prf,Preferred Stock,Ecclesiastical Insurance Office Plc,Common Stock,Public,Preferred Stock,-1
5561,Economic Investmnt Trust Ltd,Closed-End Fund,Economic Investment Trust Ltd,Common Stock,Closed-End Fund,Mutual Fund,-1
5569,Edap Tms Sa -Adr,Adr,Edap Tms Sa,Common Stock,Adr,Depositary Receipt,-1
5581,Edge Performance Vct Plc-H,Closed-End Fund,Edge Performance Vct Plc H,Common Stock,Closed-End Fund,Mutual Fund,-1
5587,Edinburgh Investment Trust,Closed-End Fund,Edinburgh Investment Trust,Common Stock,Closed-End Fund,Mutual Fund,-1
5588,Edinburgh Worldwide Inv Tr,Closed-End Fund,Edinburgh Worldwide Investment Trust Plc,Etf,Closed-End Fund,Mutual Fund,-1
5593,Ediston Property Investment,Reit,Ediston Ppty Invest Co Plc,Common Stock,Reit,Reit,-1
5654,Elanor Investor Group,Stapled Security,Elanor Investors Group,Common Stock,Stapled Security,Unit,-1
5655,Elanor Retail Property Fund,Reit,Elanor Retail Property Fund,Common Stock,Reit,Reit,-1
5670,Electra Private Equity Plc,Closed-End Fund,Unbound Group Plc,Common Stock,Common Stock,Common Stock,-1
5697,Elements Spectrum Etn,Etn,Elements Linked To Spectrum Large Cap U.S. Sector Momentum Index,Etf,,,-1
5710,Ellerston Asian Investments,Closed-End Fund,Ellerston Asian Invests Ltd,Common Stock,Closed-End Fund,Mutual Fund,-1
5713,Ellington Financial Inc,Reit,Ellington Financial Llc,Common Stock,Reit,Reit,-1
5714,Ellington Residential Mortga,Reit,Ellington Residential Mortgage,Common Stock,Reit,Reit,-1
5718,Ellsworth Growth And Income,Closed-End Fund,Ellsworth Convertible Growth & If,Common Stock,Closed-End Fund,Mutual Fund,-1
5743,Embraer Sa-Spon Adr,Adr,Embraer Sa Adr,Common Stock,Adr,Depositary Receipt,-1
5795,Empire State Realty Op Lp-Es,Ltd Part,Empire State Realty Op Lp Es,Common Stock,Ltd Part,Partnership Shares,-1
5796,Empire State Realty Trust-A,Reit,Empire State Realty Trust Inc,Common Stock,Reit,Reit,-1
5798,Empiric Student Property Plc,Reit,Empiric Student Property Plc,Common Stock,Reit,Reit,-1
5819,Endava Plc- Spon Adr,Adr,Endava Ltd,Common Stock,Adr,Depositary Receipt,-1
5861,Energy Select Sector Spdr,Etf,Energy Select Sector Spdr® Fund,Etf,Etp,Mutual Fund,-1
5865,Energy Transfer Lp,Mlp,Energy Transfer Equity Lp,Common Stock,Mlp,Partnership Shares,-1
5889,Enlink Midstream Llc,Unit,Enlink Midstream Llc,Common Stock,Unit,Unit,-1
5911,Enstar Group Ltd,Common Stock,,,Public,Preferred Stock,-1
5922,Entergy Arkansas Inc,Preferred Stock,Entergy Arkansas Llc Deb 2066,Common Stock,Public,Preferred Stock,-1
5923,Entergy Arkansas Inc,Preferred Stock,Entergy Arkansas Llc Deb 2066,Common Stock,Public,Preferred Stock,-1
5924,Entergy Arkansas Inc,Preferred Stock,Entergy Arkansas Llc Deb 2066,Common Stock,Public,Preferred Stock,-1
5929,Entergy Mississippi Inc,Preferred Stock,Entergy Mississippi Llc,Common Stock,Public,Preferred Stock,-1
5930,Entergy New Orleans Inc,Preferred Stock,Entergy New Orleans Inc Pref,Common Stock,Public,Preferred Stock,-1
5940,Enterprise Products Partners,Mlp,Enterprise Products Partners Lp,Common Stock,Mlp,Partnership Shares,-1
5991,Epr Properties,Reit,Epr Properties,Common Stock,Reit,Reit,-1
6016,Equity Lifestyle Properties,Reit,Equity Lifestyle Properties Inc,Common Stock,Reit,Reit,-1
6052,Escon Japan Reit Investment,Reit,Escon Japan Reit Investment Corp,Common Stock,Reit,Reit,-1
6104,Eurocastle Investment Ltd,Closed-End Fund,Eurocastle Investment Ltd,Common Stock,Closed-End Fund,Mutual Fund,-1
6123,European Metals Hlds Lt-Cdi,Cdi,European Metals Holdings,Common Stock,Cdi,Depositary Receipt,-1
6267,Faircourt Gold Income Corp,Closed-End Fund,Faircourt Gold Income Corp,Common Stock,Closed-End Fund,Mutual Fund,-1
6296,Fanhua Inc-Sponsored Adr,Adr,Fanhua Inc,Common Stock,Adr,Depositary Receipt,-1
6314,Farmland Partners Inc,Reit,Farmland Partners Inc,Common Stock,Reit,Reit,-1
6321,Fast Retailing Co Ltd-Hdr,Hdr,Fast Retailing Co Drc,Common Stock,Hdr,Depositary Receipt,-1
6363,Ferrellgas Partners-Lp,Mlp,,,Common Stock,Common Stock,-1
6373,Fi Enhanced Large Cap Growth,Etn,Ubs Ag Fi Enhanced Large Cap Growth Etn,Etf,Etp,Mutual Fund,-1
6380,Fidelity Asian Values Plc,Closed-End Fund,Fidelity Asian Values,Common Stock,Closed-End Fund,Mutual Fund,-1
6381,Fidelity Financials Etf,Etf,Fidelity® Msci Financials Index Etf,Etf,Etp,Mutual Fund,-1
6382,Fidelity Health Care Etf,Etf,Fidelity® Msci Health Care Index Etf,Etf,Etp,Mutual Fund,-1
6383,Fidelity International H Q I,Etf,Fidelity International High Quality Index Etf,Etf,Etp,Mutual Fund,-1
6384,Fidelity Japan Trust Plc,Closed-End Fund,Fidelity Japanese Values Plc Ord,Common Stock,Closed-End Fund,Mutual Fund,-1
6387,Fidelity Real Estate Etf,Etf,Fidelity® Msci Real Estate Index Etf,Etf,Etp,Mutual Fund,-1
6388,Fidelity Special Values Plc,Closed-End Fund,Fidelity Special Values,Common Stock,Closed-End Fund,Mutual Fund,-1
6497,First Industrial Realty Tr,Reit,First Industrial Realty Trust Inc,Common Stock,Reit,Reit,-1
6527,First Ship Lease Trust,Unit,First Ship Lease Trust,Common Stock,Unit,Unit,-1
6534,First Trust Alphadex Europea,Etf,First Trust Alphadex European Dividend Common,Common Stock,Etp,Mutual Fund,-1
6535,First Trust Canada,Etf,,,Etp,Mutual Fund,-1
6536,First Trust Capital Strength,Etf,First Trust Capital Strength Etf,Etf,Etp,Mutual Fund,-1
6537,First Trust Chindia Etf,Etf,First Trust Chindia Etf,Etf,Etp,Mutual Fund,-1
6538,First Trust Cloud Computing,Etf,First Trust Cloud Computing Etf,Etf,Etp,Mutual Fund,-1
6539,First Trust Consumer Discret,Etf,First Trust Consumer Discretionary Alphadex® Fund,Etf,Etp,Mutual Fund,-1
6540,First Trust Developed Market,Etf,First Trust Developed Markets Ex-Us Small Cap Alphadex® Fund,Etf,Etp,Mutual Fund,-1
6541,First Trust Dorsey Wright Mo,Etf,First Trust Rba Quality Income,Etf,Etp,Mutual Fund,-1
6542,First Trust Dow 30 Eql Wght,Etf,First Trust Dow 30 Equal Weight Etf,Etf,Etp,Mutual Fund,-1
6543,First Trust Energy Alphadex,Etf,First Trust Energy Alphadex® Fund,Etf,Etp,Mutual Fund,-1
6547,First Trust India Nifty 50 E,Etf,First Trust India Nifty 50 Equal Weight Etf,Etf,Etp,Mutual Fund,-1
6548,First Trust Indxx Global Agr,Etf,First Trust Indxx Global Agriculture Etf,Etf,Etp,Mutual Fund,-1
6549,First Trust Indxx Nextg Etf,Etf,First Trust Nasdaq Smartphone,Etf,Etp,Mutual Fund,-1
6550,First Trust International Eq,Etf,First Trust International Equity Opportunities Etf,Etf,Etp,Mutual Fund,-1
6551,First Trust Japan,Etf,First Trust Japan Alphadex® Fund,Etf,Etp,Mutual Fund,-1
6553,First Trust Materials Alphad,Etf,First Trust Materials Alphadex® Fund,Etf,Etp,Mutual Fund,-1
6555,First Trust Multi Cap Value,Etf,First Trust Multi Cap Value Alphadex® Fund,Etf,Etp,Mutual Fund,-1
6556,First Trust Municipal High I,Etf,First Trust Municipal High Income Etf,Etf,Etp,Mutual Fund,-1
6557,First Trust Nasdaq Bank Etf,Etf,First Trust Nasdaq Bank Etf,Etf,Etp,Mutual Fund,-1
6558,First Trust Nasdaq Global Au,Etf,First Trust S-Network Future Vehicles & Technology Etf,Etf,Etp,Mutual Fund,-1
6559,First Trust Nasdaq Retail Et,Etf,First Trust Nasdaq Retail Etf,Etf,Etp,Mutual Fund,-1
6560,First Trust Natural Gas Etf,Etf,First Trust Natural Gas Etf,Etf,Etp,Mutual Fund,-1
6561,First Trust Rba American Ind,Etf,First Trust Rba American Industrial Renaissancetm Etf,Etf,Etp,Mutual Fund,-1
6564,First Trust Senior Loan Etf,Etf,First Trust Senior Loan Fund,Etf,Etp,Mutual Fund,-1
6566,First Trust Strategic Income,Etf,First Trust Strategic Income Etf,Etf,Etp,Mutual Fund,-1
6567,First Trust Technology Alpha,Etf,First Trust Technology Alphadex® Fund,Etf,Etp,Mutual Fund,-1
6568,First Trust Us Equity Income,Etf,First Trust Us Equity Income Ucits Etf Class A Gbp,Etf,Etp,Mutual Fund,-1
6569,First Trust Utilities Alphad,Etf,First Trust Utilities Alphadex® Fund,Etf,Etp,Mutual Fund,-1
6570,First Trust Value Line Divid,Etf,First Trust Alphadex Us Dividend Common,Common Stock,Etp,Mutual Fund,-1
6571,First Trust Water Etf,Etf,First Trust Water Etf,Etf,Etp,Mutual Fund,-1
6599,Flagship Investments Ltd,Closed-End Fund,Flagship Investments Ltd,Common Stock,Closed-End Fund,Mutual Fund,-1
6620,Flexshares Real Assets Fund,Etf,Flexshares Real Assets Allocation Index Fund,Etf,Etp,Mutual Fund,-1
6662,Fonterra Shareholders Fund,Unit,Fonterra Shareholders Fund,Common Stock,Unit,Unit,-1
6670,Forager Australian Shares Fd,Closed-End Fund,Forager Australian Shares Fund,Common Stock,Closed-End Fund,Mutual Fund,-1
6682,Foresight Solar Fund Plc,Closed-End Fund,Foresight Solar Fund Ltd,Common Stock,Closed-End Fund,Mutual Fund,-1
6693,Formula Folios Hedged Growth,Etf,Northern Lights Fund Trust Iv - Formulafolios Hedged Growth Etf,Etf,Etp,Mutual Fund,-1
6694,Formula Systems (1985) Ltd,Common Stock,Formula Systems 1985 Ltd Adr,Common Stock,Adr,Depositary Receipt,-1
6710,Fortress Biotech Inc,Common Stock,Fortress Biotech Inc Pref Series A,Preferred Stock,Public,Preferred Stock,-1
6715,Fortress Reit Ltd-A,Reit,Fortress Income Fund Ltd,Common Stock,Reit,Reit,-1
6775,Franklin Universal Trust,Closed-End Fund,Franklin Universal Closed Fund,Common Stock,Closed-End Fund,Mutual Fund,-1
6783,Frasers Hospitality Trust,Stapled Security,Frasers Hospitality Trust,Common Stock,Stapled Security,Unit,-1
6784,Frasers Logistics & Commerci,Reit,Frasers Logistics & Commercial Trust,Common Stock,Reit,Reit,-1
6824,Frey,Reit,Frey Sa,Common Stock,Reit,Reit,-1
6921,Fundsmith Emerging Eq Trust,Closed-End Fund,Fundsmith Emerging Equities Trust Plc,Common Stock,Closed-End Fund,Mutual Fund,-1
6947,Futu Holdings Ltd-Adr,Adr,Futu Holdings Ltd,Common Stock,Adr,Depositary Receipt,-1
6966,Gabelli Multimedia Trust Inc,Closed-End Fund,Gabelli Multimedia Mutual Fund,Common Stock,Closed-End Fund,Mutual Fund,-1
7051,Gaslog Ltd,Preferred Stock,,,Common Stock,Common Stock,-1
7061,Gatx Corp,Common Stock,,,Public,Preferred Stock,-1
7075,Gbl X Msci China Real Estate,Etf,Global X Msci China Real Estate Etf,Etf,Etp,Mutual Fund,-1
7082,Gcp Asset Backed Income Fund,Closed-End Fund,Gcp Asset Backed Income Fund Limited,Common Stock,Closed-End Fund,Mutual Fund,-1
7085,Gds Holdings Ltd - Adr,Adr,Gds Holdings Ltd,Common Stock,Adr,Depositary Receipt,-1
7114,General American Investors,Closed-End Fund,General American Investors Closed Fund,Common Stock,Closed-End Fund,Mutual Fund,-1
7138,Genesis Energy L.P.,Mlp,Genesis Energy Lp,Common Stock,Mlp,Partnership Shares,-1
7179,Geo Group Inc/The,Reit,Geo Group Inc,Common Stock,Common Stock,Common Stock,-1
7209,Getty Realty Corp,Reit,Getty Realty Corporation,Common Stock,Reit,Reit,-1
7257,Gladstone Commercial Corp,Reit,Gladstone Commercial Corporation,Common Stock,Reit,Reit,-1
7259,Gladstone Land Corp,Reit,,,Public,Preferred Stock,-1
7272,Glennon Small Cos Ltd,Closed-End Fund,Glennon Small Companies Ltd,Common Stock,Closed-End Fund,Mutual Fund,-1
7296,Global Dividend Growth Split,Closed-End Fund,Global Dividend Growth Split Corp Class A,Common Stock,Closed-End Fund,Mutual Fund,-1
7326,Global Investments Ltd,Closed-End Fund,Global Investments Limited,Common Stock,Closed-End Fund,Mutual Fund,-1
7335,Global Medical Reit Inc,Reit,Global Medical Reit Inc,Common Stock,Reit,Reit,-1
7337,Global Net Lease Inc,Reit,Global Net Lease Inc,Common Stock,Reit,Reit,-1
7340,Global Partners Lp,Mlp,Global Partners Lp,Common Stock,Mlp,Partnership Shares,-1
7347,Global Pvq Se,Common Stock,Global Pvq Se,Etf,Common Stock,Common Stock,-1
7352,Global Self Storage Inc,Reit,Global Self Storage Inc,Common Stock,Reit,Reit,-1
7359,Global Value Fund Ltd,Closed-End Fund,Global Value Fund Ltd,Common Stock,Closed-End Fund,Mutual Fund,-1
7365,Global X Art Intel & Tech,Etf,Global X Artificial Intelligence & Technology Etf,Etf,Etp,Mutual Fund,-1
7366,Global X Conscious Companies,Etf,Global X Conscious Companies Etf,Etf,Etp,Mutual Fund,-1
7431,Gold Bullion Securities Ltd,Etc,Gold Bullion Securities Etc Eur,Etc,Etp,Mutual Fund,-1
7497,Goldman Sachs Access Treasur,Etf,Goldman Sachs Access Treasury 0-1 Year Etf,Etf,Etp,Mutual Fund,-1
7534,Goodman Group,Reit,Goodman Group,Common Stock,Reit,Reit,-1
7561,Gpt Group,Reit,Gpt Group,Common Stock,Reit,Reit,-1
7569,Grafton Group Plc-Uts,Unit,Grafton Group Plc,Common Stock,Unit,Unit,-1
7587,Granite Point Mortgage Trust,Reit,Granite Point Mortgage Trust Inc,Common Stock,Reit,Reit,-1
7588,Graniteshares Gold Trust,Etf,Graniteshares Gold Trust,Etf,Etp,Mutual Fund,-1
7589,Graniteshares Platinum Trust,Etf,Graniteshares Platinum Trust,Etf,Etp,Mutual Fund,-1
7603,Gravity Co Ltd-Sponsored Adr,Adr,Gravity Co Ltd,Common Stock,Adr,Depositary Receipt,-1
7606,Grayscale Bitcoin Trust Btc,Open-End Fund,Grayscale Bitcoin Trust (Btc),Common Stock,Open-End Fund,Mutual Fund,-1
7607,Grayscale Ethereum Classic T,Open-End Fund,Grayscale Ethereum Classic Trust (Etc),Common Stock,Open-End Fund,Mutual Fund,-1
7608,Grayscale Ethereum Trust,Open-End Fund,Grayscale Ethereum Trust (Eth),Common Stock,Open-End Fund,Mutual Fund,-1
7611,Great Ajax Corp,Reit,Great Ajax Corp,Common Stock,Reit,Reit,-1
7612,Great Ajax Corp,Convpreferred,Great Ajax Corp,Common Stock,Reit,Reit,-1
7629,Great Portland Estates Plc,Reit,Great Portland Estates Plc,Common Stock,Reit,Reit,-1
7672,Green Plains Partners Lp,Mlp,Green Plains Partners Lp,Common Stock,Mlp,Partnership Shares,-1
7727,Gresham House Strategic Plc,Closed-End Fund,Rockwood Realisation Plc,Common Stock,Closed-End Fund,Mutual Fund,-1
7737,Griffin Industrial Realty In,Common Stock,,,Reit,Reit,-1
7766,Growthpoint Properties Austr,Reit,Growthpoint Properties Australia,Common Stock,Reit,Reit,-1
7773,Grupo Aval Acciones Y Valore,Adr,Grupo Aval,Common Stock,Adr,Depositary Receipt,-1
7775,Grupo Financiero Galicia-Adr,Adr,Grupo Financiero Galicia B,Common Stock,Common Stock,Common Stock,-1
7777,Grupo Simec Sab-Spon Adr,Adr,Grupo Simec Sab De Cv Adr,Common Stock,Adr,Depositary Receipt,-1
7781,Gryphon Capital Income Trust,Closed-End Fund,Gryphon Capital Income Trust,Common Stock,Closed-End Fund,Mutual Fund,-1
7827,Guggenheim Bulletshares 2016,Etf,,,Etp,Mutual Fund,-1
7828,Guggenheim Bulletshares 2016,Etf,,,Etp,Mutual Fund,-1
7845,Gulf Investment Fund Plc,Closed-End Fund,Gulf Investment Fund Plc,Common Stock,Closed-End Fund,Mutual Fund,-1
7915,Hailiang Education Group-Adr,Adr,Hailiang Education Group Inc,Common Stock,Adr,Depositary Receipt,-1
7942,Halyk Savings Bank-Gdr Reg S,Gdr,Halyk Bank Ao Drc,Common Stock,Gdr,Depositary Receipt,-1
7976,Hankyu Hanshin Reit Inc,Reit,Hankyu Reit Inc,Common Stock,Reit,Reit,-1
8017,Harmony Gold Mng-Spon Adr,Adr,Harmony Gold Mining Company Limited,Common Stock,Adr,Depositary Receipt,-1
8032,Harvest Energy Leaders Plus,Etf,Energy Leaders Plus Income Fund,Mutual Fund,Etp,Mutual Fund,-1
8035,Harvest Msci China A Idx-Hkd,Etf,Harvest Msci China A,Etf,Etp,Mutual Fund,-1
8076,Hbm Healthcare Ivst-A,Closed-End Fund,Hbm Healthcare Investments,Common Stock,Closed-End Fund,Mutual Fund,-1
8087,Hdfc Bank Ltd-Adr,Adr,Hdfc Bank Limited Adr,Common Stock,Adr,Depositary Receipt,-1
8089,Headhunter Group Plc-Adr,Adr,Headhunter Group Plc Adr,Common Stock,Adr,Depositary Receipt,-1
8096,Health Care Select Sector,Etf,Health Care Select Sector Spdr® Fund,Etf,Etp,Mutual Fund,-1
8102,Healthcare & Medical Investm,Reit,Healthcare & Medical Investment Corp,Common Stock,Reit,Reit,-1
8116,Hearts And Minds Investment,Closed-End Fund,Hearts And Minds Investments Ltd,Common Stock,Closed-End Fund,Mutual Fund,-1
8135,Heiwa Real Estate Reit Inc,Reit,Heiwa Real Estate Reit Inc,Common Stock,Reit,Reit,-1
8175,Henderson European Focus Tru,Closed-End Fund,Henderson European Focus Trust Plc,Common Stock,Closed-End Fund,Mutual Fund,-1
8176,Henderson Eurotrust Plc-Ord,Closed-End Fund,Henderson Eurotrust,Common Stock,Closed-End Fund,Mutual Fund,-1
8177,Henderson Far East Income Lt,Closed-End Fund,Henderson Far East Income Ltd,Common Stock,Closed-End Fund,Mutual Fund,-1
8178,Henderson High Income Tr-Ord,Closed-End Fund,Henderson High Income Trust,Common Stock,Closed-End Fund,Mutual Fund,-1
8179,Henderson International Inco,Closed-End Fund,Henderson International Income Trust Plc,Common Stock,Closed-End Fund,Mutual Fund,-1
8182,Henderson Smaller Companies,Closed-End Fund,Henderson Smaller Cos Inv Tst,Common Stock,Closed-End Fund,Mutual Fund,-1
8200,Herald Investment Trust Plc,Closed-End Fund,Herald Investment Trust,Common Stock,Closed-End Fund,Mutual Fund,-1
8204,Hercules Capital Inc,Preferred Stock,Hercules Capital Inc,Common Stock,Common Stock,Common Stock,-1
8205,Hercules Capital Inc,Preferred Stock,Hercules Capital Inc,Common Stock,Common Stock,Common Stock,-1
8223,Hersha Hospitality Trust,Reit,Hersha Hospitality Trust,Common Stock,Reit,Reit,-1
8248,Hgcapital Trust Plc,Closed-End Fund,Hgcapital Trust Plc,Common Stock,Closed-End Fund,Mutual Fund,-1
8256,Hicl Infrastructure Plc,Closed-End Fund,Hicl Infrastructure Company Ltd,Common Stock,Closed-End Fund,Mutual Fund,-1
8270,High Yield Etf,Etf,High Yield Etf,Etf,Etp,Mutual Fund,-1
8274,Highcroft Investments Plc,Reit,Highcroft Investments Plc Reit,Common Stock,Reit,Reit,-1
8286,Highwoods Properties Inc,Reit,Highwoods Properties Inc,Common Stock,Reit,Reit,-1
8309,Himax Technologies Inc-Adr,Adr,Himax Technologies Inc,Common Stock,Adr,Depositary Receipt,-1
8357,Hk Electric Investments -Ss,Stapled Security,Hk Electric Investments Ltd,Common Stock,Stapled Security,Unit,-1
8369,Hms Group Plc - Gdr Reg S,Gdr,Hms Hydraulic Machines & Systems Group Plc Drc,Common Stock,Gdr,Depositary Receipt,-1
8407,Holly Energy Partners Lp,Mlp,Holly Energy Partners Lp,Common Stock,Mlp,Partnership Shares,-1
8441,Hon Hai Precision-Gdr Reg S,Gdr,Hon Hai Precision Industry Co Ltd Adr,Common Stock,Gdr,Depositary Receipt,-1
8490,Horizon Group Properties Inc,Reit,Horizon Group Properties Inc,Common Stock,Reit,Reit,-1
8508,Hoshino Resorts Reit Inc,Reit,Hoshino Resorts Reit Inc,Common Stock,Reit,Reit,-1
8522,Hotel Property Investments,Reit,Hotel Property Investments Ltd,Common Stock,Reit,Reit,-1
8600,Hudson Pacific Properties In,Reit,Hudson Pacific Properties Inc,Common Stock,Reit,Reit,-1
8609,Hugoton Royalty Trust,Royalty Trst,Hugoton Royalty Trust,Common Stock,Royalty Trst,Common Stock,-1
8616,Hull Tactical Us Etf,Etf,Hull Tactical Us Etf,Etf,Etp,Mutual Fund,-1
8646,Hutchison China Meditech-Adr,Adr,Hutchmed  Drc,Common Stock,Adr,Depositary Receipt,-1
8647,Hutchison Port Holdings Tr-U,Unit,Hutchison Port Holdings Trust,Common Stock,Unit,Unit,-1
8652,Huya Inc-Adr,Adr,Huya Inc,Common Stock,Adr,Depositary Receipt,-1
8680,Hyprop Investments Ltd,Reit,Hyprop,Common Stock,Reit,Reit,-1
8684,Hyundai Motor Co-Reg S Gdr,Gdr,Hyundai Motor Co Drc,Common Stock,Gdr,Depositary Receipt,-1
8693,Iberiabank Corp,Common Stock,,,Public,Preferred Stock,-1
8701,Icade,Reit,Icade,Common Stock,Reit,Reit,-1
8702,Icahn Enterprises Lp,Mlp,Icahn Enterprises Lp,Common Stock,Mlp,Partnership Shares,-1
8711,Icg Enterprise Trust Plc,Closed-End Fund,Icg Enterprise Trust Plc,Common Stock,Closed-End Fund,Mutual Fund,-1
8713,Ichigo Hotel Reit Investment,Reit,Ichigo Hotel Reit Investment Corp,Common Stock,Reit,Reit,-1
8715,Ichigo Office Reit Investmen,Reit,Ichigo Office Reit Investment Corp,Common Stock,Reit,Reit,-1
8719,Icici Bank Ltd-Spon Adr,Adr,Icici Bank Limited Adr,Common Stock,Adr,Depositary Receipt,-1
8774,Iex Group Nv,Dutch Cert,Iex Group Nv,Common Stock,Common Stock,Common Stock,-1
8860,Impact Healthcare Reit Plc,Reit,Impact Healthcare Reit Plc,Common Stock,Reit,Reit,-1
8862,Impact Shares Naacp Minority,Etf,Impact Shares Naacp Minority Empowerment Etf,Etf,Etp,Mutual Fund,-1
8866,Impax Environmental Markets,Closed-End Fund,Impax Environmental Markets Plc,Common Stock,Closed-End Fund,Mutual Fund,-1
8904,Income & Growth Vct Plc,Closed-End Fund,The Income & Growth Vct Plc,Common Stock,Closed-End Fund,Mutual Fund,-1
8912,Independence Realty Trust In,Reit,Independence Realty Trust Inc,Common Stock,Reit,Reit,-1
8914,Indexiq Fact Sust Corp Euro,Etf,Indexiq Factors Sustainable Corporate Euro Bond Ucits Etf Dis,Etf,Etp,Mutual Fund,-1
8919,India Grid Trust,Unit,India Grid Trust,Common Stock,Unit,Unit,-1
8963,Industrial & Infrastructure,Reit,Industrial & Infrastructure Fund Investment Corp,Common Stock,Reit,Reit,-1
9000,Infosys Ltd-Sp Adr,Adr,Infosys Ltd Adr,Common Stock,Adr,Depositary Receipt,-1
9004,Infrastructure India Plc,Closed-End Fund,Infrastructure India Plc,Common Stock,Closed-End Fund,Mutual Fund,-1
9013,Ingenia Communities Group,Reit,Ingenia Communities Group,Common Stock,Reit,Reit,-1
9135,Intercontinental Hotels Grou,Common Stock,Intercontinental Hotels Group Plc Adr,Common Stock,Adr,Depositary Receipt,-1
9159,International Biotechnology,Closed-End Fund,International Biotechnology Trust Plc,Common Stock,Closed-End Fund,Mutual Fund,-1
9191,International Public Partner,Closed-End Fund,International Public Partnership,Common Stock,Closed-End Fund,Mutual Fund,-1
9220,Intervest Offices & Warehouses,Reit,Intervest Offices - Ware,Common Stock,Reit,Reit,-1
9257,Invesco Asia Trust Plc-Ord,Closed-End Fund,Invesco Asia Trust,Common Stock,Closed-End Fund,Mutual Fund,-1
9259,Invesco China Technology Etf,Etf,Invesco China Technology Etf,Etf,Etp,Mutual Fund,-1
9260,Invesco Currencyshares Euro,Etf,Invesco Currencyshares® Euro Currency Trust,Etf,Etp,Mutual Fund,-1
9261,Invesco Db Agriculture Fund,Etf,Invesco Db Agriculture Fund,Etf,Etp,Mutual Fund,-1
9262,Invesco Db Base Metals Fund,Etf,Invesco Db Base Metals Fund,Etf,Etp,Mutual Fund,-1
9263,Invesco Db Energy Fund,Etf,Invesco Db Energy Fund,Etf,Etp,Mutual Fund,-1
9264,Invesco Db Gold Fund,Etf,Invesco Db Gold Fund,Etf,Etp,Mutual Fund,-1
9265,Invesco Db Oil Fund,Etf,Invesco Db Oil Fund,Etf,Etp,Mutual Fund,-1
9266,Invesco Dynamic Software Etf,Etf,Invesco Dynamic Software Etf,Etf,Etp,Mutual Fund,-1
9268,Invesco Fundamental Investme,Etf,Invesco Fundamental Investment Grade Corporate Bond Etf,Etf,Etp,Mutual Fund,-1
9269,Invesco High Income Trust Ii,Closed-End Fund,Invesco High Income Trust Ii,Common Stock,Closed-End Fund,Mutual Fund,-1
9271,Invesco International Buybac,Etf,Invesco International Buyback Achievers™ Etf,Etf,Etp,Mutual Fund,-1
9274,Invesco Municipal Income Opp,Closed-End Fund,Invesco Municipal Income Opportunities Closed Fund Class Common,Common Stock,Closed-End Fund,Mutual Fund,-1
9275,Invesco Municipal Trust,Closed-End Fund,Invesco Municipal Trust,Common Stock,Closed-End Fund,Mutual Fund,-1
9277,Invesco Pennsylvania Value M,Closed-End Fund,Invesco Pennsylvania Value Municipal Income Trust,Common Stock,Closed-End Fund,Mutual Fund,-1
9278,Invesco Qqq Trust Series 1,Etf,Invesco Qqq Trust,Etf,Etp,Mutual Fund,-1
9280,Invesco Senior Loan Etf,Etf,Invesco Senior Loan Etf,Etf,Etp,Mutual Fund,-1
9283,Investec Australia Property,Reit,Irongate Group Unit,Common Stock,,,-1
9287,Investment Company Plc,Closed-End Fund,The Investment Company Plc,Common Stock,Closed-End Fund,Mutual Fund,-1
9298,Invincible Investment Corp,Reit,Invincible Investment Corp,Common Stock,Reit,Reit,-1
9303,Invitation Homes Inc,Reit,Invitation Homes Inc,Common Stock,Reit,Reit,-1
9336,Iqiyi Inc-Adr,Adr,Iqiyi Inc,Common Stock,Adr,Depositary Receipt,-1
9348,Irish Continental Group Plc,Unit,Irish Continental Group Plc,Common Stock,Unit,Unit,-1
9354,Ironbark Capital Ltd,Closed-End Fund,Ironbark Capital Ltd,Common Stock,Closed-End Fund,Mutual Fund,-1
9369,Ishares Core Nikkei 225 Etf,Etf,Ishares Core Nikkei 225 Etf,Etf,Etp,Mutual Fund,-1
9370,Ishares Gold Bullion Etf,Etf,Ishares Gold Bullion (Cad Hedged),Etf,Etp,Mutual Fund,-1
9371,Ishares Gold Trust,Etf,Ishares Gold Trust,Etf,Etp,Mutual Fund,-1
9372,Ishares Silver Trust,Etf,Ishares Silver Trust,Etf,Etp,Mutual Fund,-1
9393,Istar Inc,Reit,Istar Inc,Common Stock,Reit,Reit,-1
9493,James Hardie Industries-Cdi,Cdi,James Hardie Industries Plc,Common Stock,Cdi,Depositary Receipt,-1
9517,Japan Excellent Inc,Reit,Japan Excellent Inc,Common Stock,Reit,Reit,-1
9523,Japan Hotel Reit Investment,Reit,Japan Hotel Reit Investment Corp,Common Stock,Reit,Reit,-1
9527,"Japan Logistics Fund, Inc.",Reit,Japan Logistics Fund Inc,Common Stock,Reit,Reit,-1
9531,Japan Physical Gold Etf/Mufg,Etf,Mitsubishi Japan Physical Gold,Etf,Etp,Mutual Fund,-1
9535,Japan Real Estate Investment,Reit,Japan Real Estate Investment Corp,Common Stock,Reit,Reit,-1
9536,Japan Retail Fund Investment,Reit,Japan Retail Fund Investment Corp,Common Stock,Reit,Reit,-1
9626,Jianpu Technology Inc-Sp Adr,Adr,Jianpu Technology Inc,Common Stock,Adr,Depositary Receipt,-1
9628,Jiayin Group Inc-Adr,Adr,Jiayin Group Inc,Common Stock,Adr,Depositary Receipt,-1
9651,Jinkosolar Holding Co-Adr,Adr,Jinkosolar Holding Company Limited,Common Stock,Adr,Depositary Receipt,-1
9711,Jp Morgan Elect-Mgd I,Closed-End Fund,Jpmorgan Elect Plc 0.003P,Common Stock,Closed-End Fund,Mutual Fund,-1
9713,Jpmorgan Alerian Mlp Index,Etn,Jpmorgan Alerian Mlp Index Etn,Etf,Etp,Mutual Fund,-1
9714,Jpmorgan American Invest-Ord,Closed-End Fund,Jpmorgan American Investment Trust,Common Stock,Closed-End Fund,Mutual Fund,-1
9718,Jpmorgan Indian Inv Trust,Closed-End Fund,Jpmorgan Indian Inv Trust,Common Stock,Closed-End Fund,Mutual Fund,-1
9719,Jpmorgan Japanese Invest Tr,Closed-End Fund,Jpmorgan Japanese Investment Trust,Common Stock,Closed-End Fund,Mutual Fund,-1
9720,Jpmorgan Mid Cap Inv Trust,Closed-End Fund,Jpmorgan Mid Cap Investment Trust,Common Stock,Closed-End Fund,Mutual Fund,-1
9721,Jpmorgan Russian Securities,Closed-End Fund,Jpmorgan Russian Securities,Common Stock,Closed-End Fund,Mutual Fund,-1
9722,Jpmorgan Us Smaller Companie,Closed-End Fund,Jpmorgan Us Smaller Companies Investment Trust Plc,Common Stock,Closed-End Fund,Mutual Fund,-1
9746,Jumia Technologies Ag-Adr,Adr,Jumia Technologies Ag,Common Stock,Adr,Depositary Receipt,-1
9760,Jupiter Us Smaller Companies,Closed-End Fund,Brown Advisory Us Smaller Companies Plc,Common Stock,Closed-End Fund,Mutual Fund,-1
9776,Jz Capital Partners Ltd,Closed-End Fund,Jz Capital Partners Ltd,Common Stock,Closed-End Fund,Mutual Fund,-1
9914,Kazia Therapeutics Ltd,Adr,Kazia Therapeutics Ltd Adr,Common Stock,Adr,Depositary Receipt,-1
9915,Kb Financial Group Inc-Adr,Adr,Kb Financial Group Inc,Common Stock,Adr,Depositary Receipt,-1
9958,Kenedix Office Investment Co,Reit,Kenedix Office Investment Corp,Common Stock,Reit,Reit,-1
9959,Kenedix Residential Next Inv,Reit,Kenedix Residential Investment Corp,Common Stock,Reit,Reit,-1
9973,Keppel Infrastructure Trust,Unit,Keppel Infrastructure Trust,Common Stock,Unit,Unit,-1
10029,Kilroy Realty Corp,Reit,Kilroy Realty Corp,Common Stock,Reit,Reit,-1
10032,Kimbell Royalty Partners Lp,Unit,Kimbell Royalty Partners Lp,Common Stock,Unit,Unit,-1
10053,Kindred Group Plc,Sdr,Kindred Group Plc,Common Stock,Sdr,Depositary Receipt,-1
10075,Kingsland Global Ltd-Cdi,Cdi,Kingsland Global Ltd,Common Stock,Cdi,Depositary Receipt,-1
10116,Kite Realty Group Trust,Reit,Kite Realty Group Trust,Common Stock,Reit,Reit,-1
10125,Kkr Real Estate Finance Trus,Reit,Kkr Real Estate Finance Trust Inc,Common Stock,Reit,Reit,-1
10147,Knot Offshore Partners Lp,Mlp,Knot Offshore Partners Lp,Common Stock,Mlp,Partnership Shares,-1
10198,Koninklijke Philips Nvr- Ny,Ny Reg Shrs,Koninklijke Philips Nv Adr,Common Stock,Ny Reg Shrs,Depositary Receipt,-1
10214,Kore Potash Plc - Cdi,Cdi,Kore Potash Ltd Drc,Common Stock,Cdi,Depositary Receipt,-1
10328,Ladder Capital Corp-Reit,Reit,Ladder Capital Corp Class A,Common Stock,Reit,Reit,-1
10357,Lamar Advertising Co-A,Reit,Lamar Advertising Company,Common Stock,Reit,Reit,-1
10369,Land Securities Group Plc,Reit,Land Securities Group Plc,Common Stock,Reit,Reit,-1
10379,Langham Hospitality Inv -Ss,Stapled Security,Langham Hospitality Invest Ltd,Common Stock,Stapled Security,Unit,-1
10404,Lasalle Logiport Reit,Reit,Lasalle Logiport Reit,Common Stock,Reit,Reit,-1
10406,Latam Airlines Group-Sp Adr,Adr,Latam Airlines Group Sa Adr,Common Stock,Adr,Depositary Receipt,-1
10424,Law Debenture Corp Plc-Ord,Closed-End Fund,Law Debenture Corp,Common Stock,Closed-End Fund,Mutual Fund,-1
10444,Leadershares Alphafactor Us,Etf,Leadersharestm Alphafactor® Us Core Equity Etf,Etf,Etp,Mutual Fund,-1
10486,Leju Holdings Ltd-Adr,Adr,Leju Holdings Limited,Common Stock,Adr,Depositary Receipt,-1
10494,Lendlease Group,Stapled Security,Lend Lease Group,Common Stock,Stapled Security,Unit,-1
10519,Leverage Shares 2X Facebook,Etn,Leverage Shares 2X Facebook Etc A Gbp,Etf,Etp,Mutual Fund,-1
10531,Lexinfintech Holdings L-Adr,Adr,Lexinfintech Holdings Ltd,Common Stock,Adr,Depositary Receipt,-1
10533,Lexington Realty Trust,Reit,Lxp Industrial Trust,Common Stock,Reit,Reit,-1
10539,Lg Display Co Ltd-Adr,Adr,Lg Display Co Ltd,Common Stock,Adr,Depositary Receipt,-1
10569,Liberty Media Corp-Braves A,Tracking Stk,Liberty Media Corp Braves A,Common Stock,Tracking Stk,Common Stock,-1
10583,Life Storage Inc,Reit,Life Storage Inc,Common Stock,Reit,Reit,-1
10585,Life360 Inc-Cdi,Cdi,Life360 Inc,Common Stock,Cdi,Depositary Receipt,-1
10642,Lindsell Train Inv Trust,Closed-End Fund,Lindsell Train Investment Trust Plc,Common Stock,Closed-End Fund,Mutual Fund,-1
10665,Lion Selection Group Limited,Closed-End Fund,Lion Selection Group Ltd,Common Stock,Closed-End Fund,Mutual Fund,-1
10675,Lippo Malls Indonesia Retail,Reit,Lippo Malls Indonesia Retail Trust,Common Stock,Reit,Reit,-1
10681,Listed Index Fund China A Sh,Etf,Listed Index Fund China A Share Csi300,Etf,Etp,Mutual Fund,-1
10726,Lms Capital Plc,Closed-End Fund,Lms Capital Plc,Common Stock,Closed-End Fund,Mutual Fund,-1
10749,Loma Negra Cia Ind-Spon Adr,Adr,Loma Negra Compania Industrial Argentina Sa Adr,Common Stock,Adr,Depositary Receipt,-1
10759,Londonmetric Property Plc,Reit,Londonmetric Property Plc,Common Stock,Reit,Reit,-1
10802,Lowell Resources Fund,Closed-End Fund,Lowell Resources Fund,Common Stock,Closed-End Fund,Mutual Fund,-1
10803,Lowland Investment Company,Closed-End Fund,Lowland Investment Co,Common Stock,Closed-End Fund,Mutual Fund,-1
10814,Ltc Properties Inc,Reit,Ltc Properties Inc,Common Stock,Reit,Reit,-1
10823,Luckin Coffee Inc - Adr,Adr,Luckin Coffee,Common Stock,Adr,Depositary Receipt,-1
10877,Lxi Reit Plc,Reit,Lxi Reit Plc,Common Stock,Reit,Reit,-1
10888,Lyxor Msci India,Etf,Multi Units France - Lyxor Msci India Ucits Etf,Etf,Etp,Mutual Fund,-1
10906,Mackenzie Canadian St Fixed,Etf,Mackenzie Canadian Short Term Fixed Income Etf,Etf,Etp,Mutual Fund,-1
10907,Mackenzie China A-Shares Csi,Etf,Mackenzie China A-Shares Csi 300 Index Etf,Etf,Etp,Mutual Fund,-1
10913,Macquarie Bank Ltd,Bond,,,Australian,Corp,-1
10914,Macquarie Group Capital Notes,Preferred Stock,Macquarie Group Ltd Pref C,Common Stock,Public,Preferred Stock,-1
10915,Macquarie Group Ltd,Common Stock,Macquarie Group Limited Frn Exch Sub 03/2024 Aud1000,Common Stock,Public,Preferred Stock,-1
10916,Macquarie Group Ltd,Preferred Stock,Macquarie Group Limited Frn Exch Sub 03/2024 Aud1000,Common Stock,Public,Preferred Stock,-1
10948,Magellan Midstream Partners,Mlp,Magellan Midstream Partners Lp,Common Stock,Mlp,Partnership Shares,-1
10982,Maiden Holdings Ltd,Preferred Stock,Maiden Holdings Ltd,Common Stock,Public,Preferred Stock,-1
10983,Maiden Holdings North America Ltd,Preferred Stock,Maiden Holdings North America Ltd Elks,Common Stock,Public,Preferred Stock,-1
10997,Majedie Investments Plc-Ord,Closed-End Fund,Majedie Investments,Common Stock,Closed-End Fund,Mutual Fund,-1
11079,Mapletree Commercial Trust,Reit,Mapletree Commercial Trust,Common Stock,Reit,Reit,-1
11081,Mapletree Logistics Trust,Reit,Mapletree Logistics Trust,Common Stock,Reit,Reit,-1
11094,Marco Polo Marine Ltd - Spinoff,Tender,,,Equity Wrt,Warrant,-1
11107,Marine Petroleum Trust,Royalty Trst,Marine Petroleum Trust,Common Stock,Royalty Trst,Common Stock,-1
11117,Market Access Rgr Intl Cmdty,Etf,Market Access Rogers International Commodity Index Ucits Etf,Etf,Etp,Mutual Fund,-1
11150,Martin Midstream Partners Lp,Mlp,Martin Midstream Partners Lp,Common Stock,Mlp,Partnership Shares,-1
11198,Materialise Nv-Adr,Adr,Materialise Nv,Common Stock,Adr,Depositary Receipt,-1
11199,Materials Select Sector Spdr,Etf,Materials Select Sector Spdr® Fund,Etf,Etp,Mutual Fund,-1
11227,Maven Income And Growth Vct4,Closed-End Fund,Maven Income And Growth Vct 4 Plc,Common Stock,Closed-End Fund,Mutual Fund,-1
11248,Maxus Realty Trust Inc,Reit,Maxus Realty Trust Inc,Common Stock,Reit,Reit,-1
11254,Mayur Resources Ltd-Cdi,Cdi,Mayur Resources Ltd,Common Stock,Cdi,Depositary Receipt,-1
11288,Mckesson Europe Ag - Adr,Adr,Mckesson Europe Ag Adr,Common Stock,Adr,Depositary Receipt,-1
11316,Medalist Diversified Reit In,Reit,Medalist Diversified Reit Inc,Common Stock,Reit,Reit,-1
11346,Mediclinic Internatio-Un Adr,Adr,Mediclinic International Plc Adr,Common Stock,Adr,Depositary Receipt,-1
11360,Medigus Ltd - Spon Adr,Adr,Medigus Ltd Adr,Common Stock,Adr,Depositary Receipt,-1
11375,Medley Capital Corp,Preferred Stock,,,Common Stock,Common Stock,-1
11376,Medley Capital Corp,Preferred Stock,,,Common Stock,Common Stock,-1
11394,Megacable Holdings-Cpo,Unit,Megacable Holdings S. A. B. De C. V,Common Stock,Unit,Unit,-1
11400,Meggitt Plc-Unspon Adr,Adr,Meggitt Plc Adr,Common Stock,Adr,Depositary Receipt,-1
11455,Mercantile Investment Trust,Closed-End Fund,The Mercantile Investment Trust Plc,Common Stock,Closed-End Fund,Mutual Fund,-1
11462,Merchants Trust Plc,Closed-End Fund,Merchants Trust Plc,Common Stock,Closed-End Fund,Mutual Fund,-1
11483,Merlin Properties Socimi Sa,Reit,Merlin Properties Socimi Sa,Common Stock,Reit,Reit,-1
11496,Mesa Royalty Trust,Royalty Trst,Mesa Royalty Trust,Common Stock,Royalty Trst,Common Stock,-1
11497,Mesabi Trust,Royalty Trst,Mesabi Trust,Common Stock,Royalty Trst,Common Stock,-1
11552,Mfa Financial Inc,Reit,Mfa Financial Inc,Common Stock,Reit,Reit,-1
11553,Mfa Financial Inc,Preferred Stock,Mfa Financial Inc,Common Stock,Reit,Reit,-1
11555,Mfs Charter Income Trust,Closed-End Fund,Mfs Charter Income Trust,Common Stock,Closed-End Fund,Mutual Fund,-1
11556,Mfs Municipal Income Trust,Closed-End Fund,Mfs Municipal Income Trust,Common Stock,Closed-End Fund,Mutual Fund,-1
11557,Mfs Special Value Trust,Closed-End Fund,Mfs Special Value Trust,Common Stock,Closed-End Fund,Mutual Fund,-1
11719,Mirrabooka Investments Limited,Closed-End Fund,Mirrabooka Investments Ltd,Common Stock,Closed-End Fund,Mutual Fund,-1
11721,Mirvac Group,Reit,Mirvac Group,Common Stock,Reit,Reit,-1
11750,Mitsubishi Estate Logistics,Reit,Mitsubishi Estate Logistics Reit Investment Corp,Common Stock,Reit,Reit,-1
11764,Mitsui Fudosan Logistics Par,Reit,Mitsui Fudosan Logistics Park Inc,Common Stock,Reit,Reit,-1
11774,Mix Telematics Ltd-Sp Adr,Adr,Mix Telemats Ltd,Common Stock,Adr,Depositary Receipt,-1
11817,Mobius Investment Trust Plc,Closed-End Fund,Mobius Investment Trust Plc,Common Stock,Closed-End Fund,Mutual Fund,-1
11883,Monks Investment Trust Plc,Closed-End Fund,Monks Investment Trust Plc,Common Stock,Closed-End Fund,Mutual Fund,-1
11917,Mori Trust Hotel Reit Inc,Reit,Mori Trust Hotel Reit Inc,Common Stock,Reit,Reit,-1
11918,"Mori Trust Sogo Reit, Inc.",Reit,Mori Trust Sogo Reit Inc,Common Stock,Reit,Reit,-1
11948,Motley Fool 100 Index Etf,Etf,Motley Fool 100 Index Etf,Etf,Etp,Mutual Fund,-1
12036,Murray Income Trust Plc,Closed-End Fund,Murray Income Trust,Common Stock,Closed-End Fund,Mutual Fund,-1
12037,Murray International Tr-O,Closed-End Fund,Murray International Trust,Common Stock,Closed-End Fund,Mutual Fund,-1
12055,Mv Oil Trust,Royalty Trst,Mv Oil Trust,Common Stock,Royalty Trst,Common Stock,-1
12139,Nano Dimension Ltd,Common Stock,Nano Dimension Ltd,Common Stock,Adr,Depositary Receipt,-1
12164,Naos Emerging Opportunities,Closed-End Fund,Naos Emerging Opportunities,Common Stock,Closed-End Fund,Mutual Fund,-1
12174,Nasdaq 7 Handl Index Etf,Etf,Strategy Shares Nasdaq 7 Handl™ Index Etf,Etf,Etp,Mutual Fund,-1
12203,National Grid Plc-Sp Adr,Adr,National Grid Plc Adr,Common Stock,Adr,Depositary Receipt,-1
12214,National Retail Properties,Reit,National Retail Properties Inc,Common Stock,Reit,Reit,-1
12215,National Rural Utilities Cooperative Finance Corp,Preferred Stock,National Rural Utilities Cooperative Finance Corp,Etf,Public,Preferred Stock,-1
12221,National Storage Affiliates,Reit,National Storage Affiliates Trust,Common Stock,Reit,Reit,-1
12244,Natural Resource Partners Lp,Mlp,Natural Resource Partners Lp,Common Stock,Mlp,Partnership Shares,-1
12267,Navios Maritime Partners Lp,Mlp,Navios Maritime Partners Lp Unit,Common Stock,Mlp,Partnership Shares,-1
12275,Nb Global Corporate Income T,Closed-End Fund,Nb Global Corporate Income Trust,Common Stock,Closed-End Fund,Mutual Fund,-1
12276,Nb Private Equity Partners L,Closed-End Fund,Nb Private Equity Partners Ltd,Common Stock,Closed-End Fund,Mutual Fund,-1
12277,Nb Private Equity Partners L,Closed-End Fund,Nb Private Equity Partners Ltd,Common Stock,Closed-End Fund,Mutual Fund,-1
12280,Nbi Liquid Alternatives Etf,Etf,Nbi Liquid Alternatives,Common Stock,Etp,Mutual Fund,-1
12333,Nestle Sa-Spons Adr,Adr,Nestle Sa Adr,Common Stock,Adr,Depositary Receipt,-1
12344,Netease Inc-Adr,Adr,Netease Inc,Common Stock,Adr,Depositary Receipt,-1
12348,Netlink Nbn Trust,Unit,Netlink Nbn Trust,Common Stock,Unit,Unit,-1
12360,Neuberger Berman Municipal,Closed-End Fund,Neuberger Berman Imf Inc,Common Stock,Closed-End Fund,Mutual Fund,-1
12414,Newriver Reit Plc,Reit,Newriver Reit Plc,Common Stock,Reit,Reit,-1
12434,Nexpoint Residential,Reit,Nexpoint Residential Trust Inc,Common Stock,Reit,Reit,-1
12446,Nextenergy Solar Fund Ltd,Closed-End Fund,Nextenergy Solar Fund Ltd,Common Stock,Closed-End Fund,Mutual Fund,-1
12467,Ngl Energy Partners Lp,Mlp,Ngl Energy Partners Lp,Common Stock,Mlp,Partnership Shares,-1
12522,Nikko Etf - Topix,Etf,Nikko Topix Listed,Etf,Etp,Mutual Fund,-1
12545,Nippon Building Fund Inc,Reit,Nippon Building Fund Inc,Common Stock,Reit,Reit,-1
12572,Nippon Prologis Reit Inc,Reit,Nippon Prologis Reit Inc,Common Stock,Reit,Reit,-1
12635,Noah Holdings Ltd-Spon Ads,Adr,Noah Holdings Ltd,Common Stock,Adr,Depositary Receipt,-1
12656,Nokia Corp-Spon Adr,Adr,Nokia Corp Adr,Common Stock,Adr,Depositary Receipt,-1
12702,Northern Electric Plc Prf,Preferred Stock,Northern Electric Plc 8.061P(Net)Cum Irrd Prf 1P,Common Stock,Public,Preferred Stock,-1
12766,Novatek Pjsc-Spons Gdr Reg S,Gdr,Novatek Drc,Common Stock,Gdr,Depositary Receipt,-1
12808,Nucana Plc-Adr,Adr,Nucana Plc,Common Stock,Adr,Depositary Receipt,-1
12815,Nufarm Finance Nz Ltd-Nss,Bond,,,Australian,Corp,-1
12824,Nustar Energy Lp,Mlp,Nustar Energy Lp,Common Stock,Mlp,Partnership Shares,-1
12869,Nzam Etf J-Reit Index,Etf,Nzam J-Reit,Etf,Etp,Mutual Fund,-1
12909,Octopus Apollo Vct,Closed-End Fund,Octopus Apollo Vct Plc,Common Stock,Closed-End Fund,Mutual Fund,-1
12920,Odyssean Investment Trust Pl,Closed-End Fund,Odyssean Investment Trust Plc,Common Stock,Closed-End Fund,Mutual Fund,-1
12926,Office Properties Income Tru,Reit,Office Properties Income Trust,Common Stock,Reit,Reit,-1
12932,Ofs Credit Co Inc,Closed-End Fund,Ofs Credit Company Inc,Common Stock,Closed-End Fund,Mutual Fund,-1
13004,Omega Healthcare Investors,Reit,Omega Healthcare Investors Inc,Common Stock,Reit,Reit,-1
13051,Oneview Healthcare Plc-Cdi,Cdi,Oneview Healthcare Plc,Common Stock,Cdi,Depositary Receipt,-1
13075,Opera Ltd-Adr,Adr,Opera Ltd,Common Stock,Adr,Depositary Receipt,-1
13136,Orchard Therapeutics Plc,Adr,Orchard Therapeutics Plc,Common Stock,Adr,Depositary Receipt,-1
13138,Orchid Island Capital Inc,Reit,Orchid Isla,Common Stock,Reit,Reit,-1
13185,Orion Equities Ltd,Closed-End Fund,Orion Equities Ltd,Common Stock,Closed-End Fund,Mutual Fund,-1
13232,Osprey Medical Inc-Cdi,Cdi,Osprey Medical Inc,Common Stock,Cdi,Depositary Receipt,-1
13236,Ossiam Shlr Bcly Cape Erp Sv,Etf,Ossiam Shiller Barclays Cape Europe Sector Value Tr Ucits,Etf,Etp,Mutual Fund,-1
13256,Outfront Media Inc,Reit,Outfront Media Inc,Common Stock,Reit,Reit,-1
13292,Pacer Us Cash Cows Growth,Etf,Pacer Us Cash Cows Growth Etf,Etf,Etp,Mutual Fund,-1
13297,Pacific Assets Trust Plc,Closed-End Fund,Pacific Assets Trust Plc,Common Stock,Closed-End Fund,Mutual Fund,-1
13314,Pacific Horizon Inv Tr Plc,Closed-End Fund,Pacific Horizon Investment Trust,Common Stock,Closed-End Fund,Mutual Fund,-1
13358,Palace Capital Plc,Reit,Palace Capital Plc,Common Stock,Reit,Reit,-1
13376,Pampa Energia Sa-Spon Adr,Adr,Pampa Energia Sa Adr,Common Stock,Adr,Depositary Receipt,-1
13454,Park Hotels & Resorts Inc,Reit,Park Hotels & Resorts Inc,Common Stock,Reit,Reit,-1
13476,Partner Communications-Adr,Adr,Partner Communications Company Ltd,Common Stock,Adr,Depositary Receipt,-1
13555,Pearson Plc-Sponsored Adr,Adr,Pearson Plc Adr,Common Stock,Adr,Depositary Receipt,-1
13557,Pebblebrook Hotel Trust,Reit,Pebblebrook Hotel Trust,Common Stock,Reit,Reit,-1
13579,Pembroke Vct Plc-Class B,Closed-End Fund,Pembroke Vct Plc,Common Stock,Closed-End Fund,Mutual Fund,-1
13581,Pender Growth Fund Inc,Closed-End Fund,Pender Growth Fund Vcc Inc,Common Stock,Closed-End Fund,Mutual Fund,-1
13604,Pennymac Mortgage Investment,Reit,Pennymac Mortgage Investment Trust,Common Stock,Reit,Reit,-1
13629,Peregrine Pharmaceuticals Inc,Convpreferred,,,Public,Preferred Stock,-1
13645,Permian Basin Royalty Trust,Royalty Trst,Permian Basin Royalty Trust,Common Stock,Royalty Trst,Common Stock,-1
13646,Permianville Royalty Trust,Royalty Trst,Permianville Royalty Trust,Common Stock,Royalty Trst,Common Stock,-1
13647,Permrock Royalty Trust,Royalty Trst,Permrock Royalty Trust,Common Stock,Royalty Trst,Common Stock,-1
13655,Pershing Square Holdings Ltd,Closed-End Fund,Pershing Square Holdings Ltd,Common Stock,Closed-End Fund,Mutual Fund,-1
13663,Perth Mint Physical Gold Etf,Etf,,,Etp,Mutual Fund,-1
13676,Petrobras - Petroleo Bras-Pr,Preference,Petróleo Brasileiro S.A. - Petrobras,Preferred Stock,Preference,Preference,-1
13682,Petroleo Brasileiro-Spon Adr,Adr,Petroleo Brasileiro Petrobras Sa Adr,Common Stock,Adr,Depositary Receipt,-1
13762,Phoenix New Media Ltd -Adr,Adr,Phoenix New Media Limited,Common Stock,Adr,Depositary Receipt,-1
13774,Physicians Realty Trust,Reit,Physicians Realty Trust,Common Stock,Reit,Reit,-1
13783,Picton Property Income Ltd,Reit,Picton Property Income Ltd,Common Stock,Reit,Reit,-1
13788,Piedmont Office Realty Tru-A,Reit,Piedmont Office Realty Trust Inc,Common Stock,Reit,Reit,-1
13805,Pimco Active Bond Exchange-T,Etf,Pimco Active Bond Exchange-Traded Fund,Etf,Etp,Mutual Fund,-1
13811,Pinduoduo Inc-Adr,Adr,Pinduoduo,Common Stock,Adr,Depositary Receipt,-1
13841,Pioneer Diversified High Inc,Closed-End Fund,Pioneer Diversified High It,Common Stock,Closed-End Fund,Mutual Fund,-1
13863,Pivotal Systems Corp Inc-Cdi,Cdi,Pivotal Systems Corporation Inc,Common Stock,Cdi,Depositary Receipt,-1
13875,Plains All Amer Pipeline Lp,Mlp,Plains All American Pipeline Lp,Common Stock,Mlp,Partnership Shares,-1
13896,Platinum Asia Fund Etf,Etf,Platinum Asia Fund Quoted Managed Hedge Fund,Common Stock,Etp,Mutual Fund,-1
13897,Platinum Asia Investments Lt,Closed-End Fund,Platinum Asia Investments Ltd,Common Stock,Closed-End Fund,Mutual Fund,-1
13899,Platinum Capital Limited,Closed-End Fund,Platinum Capital Ltd,Common Stock,Closed-End Fund,Mutual Fund,-1
13901,Platinum International Fund,Etf,Platinum International Fund (Quoted Managed Hedge Fund),Common Stock,Etp,Mutual Fund,-1
13905,Plato Income Maximiser Ltd,Closed-End Fund,Plato Income Maximiser Ltd,Common Stock,Closed-End Fund,Mutual Fund,-1
13918,Pldt Inc-Spon Adr,Adr,Pldt Inc Adr,Common Stock,Adr,Depositary Receipt,-1
13929,Plymouth Industrial Reit Inc,Reit,Plymouth Industrial Reit Inc,Common Stock,Reit,Reit,-1
13953,Polar Capital Global Financi,Closed-End Fund,Polar Capital Global Financials Trust Plc,Common Stock,Closed-End Fund,Mutual Fund,-1
13955,Polar Capital Technology Tr,Closed-End Fund,Polar Capital Technology Trust,Common Stock,Closed-End Fund,Mutual Fund,-1
13976,Polymetal Internation-Sp Adr,Adr,Polymetal International Plc Adr,Common Stock,Adr,Depositary Receipt,-1
13997,Porsche Automobil Hldg-Prf,Preference,Porsche Automobil Holding Se,Common Stock,Preference,Preference,-1
14018,Postal Realty Trust Inc- A,Common Stock,Postal Realty Trust Inc,Common Stock,Reit,Reit,-1
14023,Potlatchdeltic Corp,Reit,Potlatchdeltic Corp,Common Stock,Reit,Reit,-1
14097,Premise Capital Diversified,Etf,Premise Capital Diversified Tactical Etf,Etf,Etp,Mutual Fund,-1
14133,Princess Priv Eqty Hold Ltd,Closed-End Fund,Princess Private Equity Holding Ltd,Common Stock,Pvt Eqty Fund,Mutual Fund,-1
14134,Princess Priv Eqty Hold Ltd,Closed-End Fund,Princess Private Equity Holding Ltd,Common Stock,Pvt Eqty Fund,Mutual Fund,-1
14138,Principal Healthcare Innov,Etf,Principal Healthcare Innovators Etf,Etf,Etp,Mutual Fund,-1
14199,Proshares Trust-S&P 500 Ex-H,Etf,Proshares S&P 500® Ex-Health Care Etf,Etf,Etp,Mutual Fund,-1
14200,Proshares Ultra Health Care,Etf,Proshares Ultra Health Care,Etf,Etp,Mutual Fund,-1
14202,Proshares Ultra Silver,Etf,Proshares Ultra Silver,Etf,Etp,Mutual Fund,-1
14203,Proshares Ultra Technology,Etf,Proshares Ultra Technology,Etf,Etp,Mutual Fund,-1
14204,Proshares Ultrashort Oil&Gas,Etf,Proshares Trust - Proshares Ultrashort Oil & Gas,Etf,Etp,Mutual Fund,-1
14235,Proven Growth & Income Vct,Closed-End Fund,Proven Growth And Income Vct Plc,Common Stock,Closed-End Fund,Mutual Fund,-1
14244,Proximus-Unspon Adr,Adr,Proximus Nv Adr,Common Stock,Adr,Depositary Receipt,-1
14252,Ps Business Parks Inc/Ca,Reit,Ps Business Parks Inc,Common Stock,Reit,Reit,-1
14313,Purpose Behavioural Opportun,Etf,,,Etp,Mutual Fund,-1
14314,Purpose Core Dividend Fund,Etf,Purpose Core Dividend,Common Stock,Etp,Mutual Fund,-1
14316,Purpose Global Bond Fund,Etf,Purpose Global Bond Fund Series Etf,Etf,Etp,Mutual Fund,-1
14317,Purpose Monthly Income Fund,Etf,,,Etp,Mutual Fund,-1
14318,Purpose Premium Yield Fund,Etf,Purpose Premium Yield,Common Stock,Etp,Mutual Fund,-1
14319,Purpose Strategic Yield Fund,Etf,Purpose Strategic Yield Fund Etf,Etf,Etp,Mutual Fund,-1
14320,Purpose Us Dividend Fund,Etf,,,Etp,Mutual Fund,-1
14329,Puyi Inc - Adr,Adr,Puyi Inc Adr,Common Stock,Adr,Depositary Receipt,-1
14364,Qiwi Plc-Sponsored Adr,Adr,Qiwi Plc,Common Stock,Adr,Depositary Receipt,-1
14418,Qudian Inc-Spon Adr,Adr,Qudian Inc,Common Stock,Adr,Depositary Receipt,-1
14458,Qutoutiao Inc-Adr,Adr,Qutoutiao Inc,Common Stock,Adr,Depositary Receipt,-1
14460,Qv Equities Ltd,Closed-End Fund,Qv Equities Ltd,Common Stock,Closed-End Fund,Mutual Fund,-1
14516,Rait Financial Trust,Reit,,,Public,Preferred Stock,-1
14529,Rakuten Nikkei Leveraged Idx,Etf,Rakuten-Nikkei 225 Leveraged,Etf,Etp,Mutual Fund,-1
14584,Rattler Midstream Lp,Ltd Part,Rattler Midstream Lp,Common Stock,Ltd Part,Partnership Shares,-1
14617,Ready Capital Corp,Reit,Ready Capital Corp,Common Stock,Reit,Reit,-1
14630,Reality Shares Divs Etf,Etf,,,Etp,Mutual Fund,-1
14682,Redhill Biopharma Ltd-Sp Adr,Adr,Redhill Biopharma Ltd,Common Stock,Adr,Depositary Receipt,-1
14683,Rediff.Com India Limited-Adr,Adr,Rediff.Com India Ltd,Common Stock,Adr,Depositary Receipt,-1
14695,Redwood Trust Inc,Reit,Redwood Trust Inc,Common Stock,Reit,Reit,-1
14701,Reef Casino Trust,Unit,Reef Casino Trust,Common Stock,Unit,Unit,-1
14712,Regal Real Estate Investment,Reit,Regal Real Estate Investment Trust,Common Stock,Reit,Reit,-1
14726,Regional Health Properties,Reit,Regional Health Properties Inc,Common Stock,Common Stock,Common Stock,-1
14728,Regional Reit Ltd,Reit,Regional Reit Ltd,Common Stock,Reit,Reit,-1
14784,Renesola Ltd-Adr,Adr,Renesola Ltd,Common Stock,Adr,Depositary Receipt,-1
14788,Renewable Japan Energy Infra,Unit,Renewable Japan Energy Infrastructure Fund Inc,Common Stock,Unit,Unit,-1
14789,Renewables Infrastructure Gr,Closed-End Fund,Renewables Infrastructure Grp,Common Stock,Closed-End Fund,Mutual Fund,-1
14795,Renn Fund Inc,Closed-End Fund,Renn Fund Inc,Common Stock,Closed-End Fund,Mutual Fund,-1
14824,Residential Secure Income Pl,Reit,Residential Secure Income Plc,Common Stock,Reit,Reit,-1
14826,Resilient Reit Ltd,Reit,Resilient Property Income Fund Ltd,Common Stock,Reit,Reit,-1
14857,Retech Technology Co Ltd,Cdi,Retech Technology Co Ltd,Common Stock,Cdi,Depositary Receipt,-1
14865,Revasum Inc-Cdi,Cdi,Revasum Inc,Common Stock,Cdi,Depositary Receipt,-1
14881,Rexford Industrial Realty In,Reit,Rexford Industrial Realty Inc,Common Stock,Reit,Reit,-1
14963,Rit Capital Partners Plc,Closed-End Fund,Rit Capital Partners,Common Stock,Closed-End Fund,Mutual Fund,-1
14973,Riverfront Dynamic Core Inco,Etf,Riverfront Dynamic Core Income Etf,Etf,Etp,Mutual Fund,-1
14977,Riverstone Energy Ltd,Closed-End Fund,Riverstone Energy Ltd,Common Stock,Closed-End Fund,Mutual Fund,-1
14987,Rlj Lodging Trust,Reit,Rlj Lodging Trust,Common Stock,Reit,Reit,-1
15060,Roots Sustainable Agricu-Cdi,Cdi,Roots Sustainable Agricultural Technologies Drc,Common Stock,Cdi,Depositary Receipt,-1
15063,Ros Agro Plc- Gdr Reg S,Gdr,Ros Agro Plc,Common Stock,Gdr,Depositary Receipt,-1
15077,Rostelecom-Sponsored Adr,Adr,Rostelekom Pao Drc,Common Stock,Adr,Depositary Receipt,-1
15095,Royal Canadian Mint Silver,Etf,Royal Canadian Mint Silver,Common Stock,Etp,Mutual Fund,-1
15112,Royce Global Value Trust,Closed-End Fund,Royce Global Value Trust Inc,Common Stock,Closed-End Fund,Mutual Fund,-1
15113,Royce Value Trust,Closed-End Fund,Royce Value Closed Fund,Common Stock,Closed-End Fund,Mutual Fund,-1
15121,Rpt Realty,Reit,Rpt Realty,Common Stock,Reit,Reit,-1
15151,Ruffer Investment Company Ld,Closed-End Fund,Ruffer Investment Company Limited,Common Stock,Closed-End Fund,Mutual Fund,-1
15160,Rural Funds Group,Reit,Rural Funds Group,Common Stock,Reit,Reit,-1
15164,Rushydro Pjsc-Adr,Adr,Rushydro Jsc Adr,Common Stock,Adr,Depositary Receipt,-1
15167,Russell Invest Aust Responsi,Etf,Russell Investments Australian Responsible Investment Etf,Etf,Etp,Mutual Fund,-1
15174,Ryanair Holdings Plc-Sp Adr,Adr,Ryanair Holdings Plc Adr,Common Stock,Adr,Depositary Receipt,-1
15181,Ryman Hospitality Properties,Reit,Ryman Hospitality Properties Inc,Common Stock,Reit,Reit,-1
15191,S Split Corp-A,Closed-End Fund,S Split Corp,Common Stock,Closed-End Fund,Mutual Fund,-1
15193,Sa Corporate Real Estate Ltd,Reit,Sa Corporate Real Estate Fund Managers Ltd,Common Stock,Reit,Reit,-1
15195,Saba Closed End Funds Etf,Etf,Saba Closed-End Funds Etf,Etf,Etp,Mutual Fund,-1
15198,Sabine Royalty Trust,Royalty Trst,Sabine Royalty Trust,Common Stock,Royalty Trst,Common Stock,-1
15205,Sachem Capital Corp,Reit,,,Public,Preferred Stock,-1
15215,Safe Bulkers Inc,Preferred Stock,Safe Bulkers Inc,Common Stock,Common Stock,Common Stock,-1
15216,Safe Bulkers Inc,Preferred Stock,Safe Bulkers Inc,Common Stock,Common Stock,Common Stock,-1
15221,Safehold Inc,Reit,Safehold Inc,Common Stock,Reit,Reit,-1
15225,Safestore Holdings Plc,Reit,Safestore Holdings Plc,Common Stock,Reit,Reit,-1
15295,Samsung Kodex 200 Etf,Etf,Samsung Kodex 200 Etf,Etf,Etp,Mutual Fund,-1
15301,San Juan Basin Royalty Tr,Royalty Trst,San Juan Basin Royalty Trust,Common Stock,Royalty Trst,Common Stock,-1
15322,Sandon Capital Investments L,Closed-End Fund,Sandon Capital Investments,Common Stock,Closed-End Fund,Mutual Fund,-1
15400,Saratoga Investment Corp,Preferred Stock,Saratoga Investment Corp,Common Stock,Common Stock,Common Stock,-1
15435,Saul Centers Inc,Reit,Saul Centers Inc,Common Stock,Reit,Reit,-1
15474,Scbsm,Reit,Soc Centrale Bois Scieries Manche Sa,Common Stock,Reit,Reit,-1
15498,Schroder Asian Total Return,Closed-End Fund,Schroders Investment Trusts - Schroder Asian Total Return Investment Company Plc,Common Stock,Closed-End Fund,Mutual Fund,-1
15499,Schroder Income Growth Fund,Closed-End Fund,Schroder Income Growth Fund,Common Stock,Closed-End Fund,Mutual Fund,-1
15500,Schroder Japan Growth Fund,Closed-End Fund,Schroder Japan Growth Fund,Common Stock,Closed-End Fund,Mutual Fund,-1
15507,Schwab Fundamental Small Cap,Etf,Schwab Fundamental U.S. Small Company Index Etf,Etf,Etp,Mutual Fund,-1
15533,Scottish Investment Trust,Closed-End Fund,Scottish Investment Trust,Common Stock,Closed-End Fund,Mutual Fund,-1
15534,Scottish Mortgage Inv Tr Plc,Closed-End Fund,Scottish Mortgage Investment Trust Plc,Common Stock,Closed-End Fund,Mutual Fund,-1
15598,Secoo Holding Ltd - Adr,Adr,Secoo Holding Ltd,Common Stock,Adr,Depositary Receipt,-1
15606,Securities Trust Of Scotland,Closed-End Fund,Securities Trust Of Scotland Plc,Common Stock,Closed-End Fund,Mutual Fund,-1
15624,Segro Plc,Reit,Segro Plc,Common Stock,Reit,Reit,-1
15681,Sentry Sel Primary Metals-A,Closed-End Fund,Sentry Select Primary Metals Corp,Common Stock,Closed-End Fund,Mutual Fund,-1
15723,Severn Trent Pl-Spon Adr,Adr,Severn Trent Plc Pk,Common Stock,Adr,Depositary Receipt,-1
15743,Shaftesbury Plc,Reit,Shaftesbury Plc,Common Stock,Reit,Reit,-1
15818,Shell Midstream Partners Lp,Mlp,Shell Midstream Partners Lp,Common Stock,Mlp,Partnership Shares,-1
15884,Shinhan Financial Group-Adr,Adr,Shinhan Financial Group Co Ltd,Common Stock,Adr,Depositary Receipt,-1
15885,Shinkin Central Bank Class-A,Preference,Shinkin Central Bank Pref,Common Stock,Preference,Preference,-1
15897,Shires Income Plc,Closed-End Fund,Shires Income,Common Stock,Closed-End Fund,Mutual Fund,-1
15917,Shopping Centres Australasia,Reit,Shopping Centres Australasia Group,Common Stock,Reit,Reit,-1
15978,Sify Technologies-Spon Adr,Adr,Sify Technologies Limited,Common Stock,Adr,Depositary Receipt,-1
15994,Silence Therapeutics Plc,Common Stock,Silence Therapeutics Plc,Common Stock,Adr,Depositary Receipt,-1
16000,Silicon Motion Technol-Adr,Adr,Silicon Motion Technology,Common Stock,Adr,Depositary Receipt,-1
16052,Simplex Topix Bear 2X Etf,Etf,Topix Bear -2X Etf,Etf,Etp,Mutual Fund,-1
16144,Site Centers Corp,Reit,Site Centers Corp,Common Stock,Reit,Reit,-1
16163,Sk Telecom Co Ltd-Spon Adr,Adr,Sk Telecom Co Ltd Adr,Common Stock,Adr,Depositary Receipt,-1
16211,Small Cap Us Equity Select,Etf,First Trust Small Cap Us Equity Select Etf,Etf,Etp,Mutual Fund,-1
16243,Smithson Investment Trust,Closed-End Fund,Smithson Investment Trust Plc,Common Stock,Closed-End Fund,Mutual Fund,-1
16273,Sofi Gig Economy Etf,Etf,Sofi Gig Economy Etf,Etf,Etp,Mutual Fund,-1
16290,Sohu.Com Ltd-Adr,Adr,Sohu.Com Inc,Common Stock,Adr,Depositary Receipt,-1
16399,Sotherly Hotels Inc,Reit,Sotherly Hotels Inc,Common Stock,Reit,Reit,-1
16400,Sotherly Hotels Inc,Preferred Stock,Sotherly Hotels Inc,Common Stock,Reit,Reit,-1
16401,Sotherly Hotels Inc,Preferred Stock,Sotherly Hotels Inc,Common Stock,Reit,Reit,-1
16408,Source Capital Inc,Closed-End Fund,Source Capital Closed Fund,Common Stock,Closed-End Fund,Mutual Fund,-1
16458,Spark Networks Se-Adr,Adr,Spark Networks Se,Common Stock,Adr,Depositary Receipt,-1
16519,Spirit Realty Capital Inc,Reit,Spirit Realty Capital Inc,Common Stock,Reit,Reit,-1
16535,Sprague Resources Lp,Mlp,Sprague Resources Lp,Common Stock,Mlp,Partnership Shares,-1
16539,Spring Real Estate Investmen,Reit,Spring Reit,Common Stock,Reit,Reit,-1
16545,Sprott Focus Trust Inc,Closed-End Fund,Sprott Focus Trust,Common Stock,Closed-End Fund,Mutual Fund,-1
16546,Sprott Physical Gold And Sil,Closed-End Fund,Sprott Physical Gold And Silver Trust,Etf,Closed-End Fund,Mutual Fund,-1
16547,Sprott Physical Gold Trust,Closed-End Fund,Sprott Physical Gold,Etf,Closed-End Fund,Mutual Fund,-1
16548,Sprott Physical Silver Trust,Closed-End Fund,Sprott Physical Silver,Etf,Closed-End Fund,Mutual Fund,-1
16592,Stag Industrial Inc,Reit,Stag Industrial Inc,Common Stock,Reit,Reit,-1
16621,Star Bulk Carriers Corp,Preferred Stock,Star Bulk Carriers Corp,Common Stock,Common Stock,Common Stock,-1
16661,Starwood Property Trust Inc,Reit,Starwood Property Trust Inc,Common Stock,Reit,Reit,-1
16670,Stealth Biotherapeutics Corp,Adr,Stealth Biotherapeutics Corp,Common Stock,Adr,Depositary Receipt,-1
16680,Steel Partners Holdings Lp,Ltd Part,Steel Partners Holdings Lp,Common Stock,Ltd Part,Partnership Shares,-1
16737,Stmicroelectronics Nv-Ny Shs,Ny Reg Shrs,Stmicroelectronics Nv Adr,Common Stock,Ny Reg Shrs,Depositary Receipt,-1
16738,Sto Se & Co. Kgaa-Pref Shrs,Preference,Sto Se & Co. Kgaa,Common Stock,Preference,Preference,-1
16742,Stockland,Reit,Stockland Corporation Ltd,Common Stock,Reit,Reit,-1
16776,Strategic Equity Capital Plc,Closed-End Fund,Strategic Equity Capital Closed Fund,Common Stock,Closed-End Fund,Mutual Fund,-1
16811,Structural Monitoring-Cdi,Cdi,Structural Monitoring Systems Plc,Common Stock,Cdi,Depositary Receipt,-1
16812,Structured Products Corp,Preferred Stock,Credit Enhanced Corts Trust For Aon Capital A Gic,Common Stock,Public,Preferred Stock,-1
16818,Studio City Internationa-Adr,Adr,Studio City International Holdings Ltd,Common Stock,Adr,Depositary Receipt,-1
16830,Suburban Propane Partners Lp,Mlp,Suburban Propane Partners Lp,Common Stock,Mlp,Partnership Shares,-1
16873,Summit Hotel Properties Inc,Reit,Summit Hotel Properties Inc,Common Stock,Reit,Reit,-1
16875,Summit Midstream Partners Lp,Mlp,Summit Midstream Partners Lp,Common Stock,Mlp,Partnership Shares,-1
16886,Sun Communities Inc,Reit,Sun Communities Inc,Common Stock,Reit,Reit,-1
16907,Suncorp Group Ltd,Common Stock,Suncorp Group Ltd Pref,Common Stock,Public,Preferred Stock,-1
16908,Suncorp Group Ltd,Preferred Stock,Suncorp Group Ltd Pref,Common Stock,Public,Preferred Stock,-1
16909,Suncorp Group Ltd,Preferred Stock,Suncorp Group Ltd Pref,Common Stock,Public,Preferred Stock,-1
16911,Suncorp-Metway Ltd,Bond,,,Australian,Corp,-1
16935,Sunlands Technology- Sp Adr,Adr,Sunlands Technology Group,Common Stock,Adr,Depositary Receipt,-1
16962,Sunstone Hotel Investors Inc,Reit,Sunstone Hotel Investors Inc,Common Stock,Reit,Reit,-1
17051,Swatch Group Ag/The-Unsp Adr,Adr,Swatch Group Ag Adr,Common Stock,Adr,Depositary Receipt,-1
17154,Tag Colonia-Immobilien Ag,Reit,Tag Colonia-Immobilien Ag,Common Stock,Reit,Reit,-1
17178,Taiwan Semiconductor-Sp Adr,Adr,Taiwan Semiconductor Manufacturing,Common Stock,Adr,Depositary Receipt,-1
17190,Takara Leben Real Estate Inv,Reit,Takara Leben Real Estate Investment Corp,Common Stock,Reit,Reit,-1
17238,Tanger Factory Outlet Center,Reit,Tanger Factory Outlet Centers Inc,Common Stock,Reit,Reit,-1
17256,Tarena International Inc-Adr,Adr,Tarena Intl Adr,Common Stock,Adr,Depositary Receipt,-1
17275,Tat Seng Packaging Group Ltd,Common Stock,Ishares Ta-35 Israel Etf Usd Acc,Etf,Common Stock,Common Stock,-1
17286,Tata Nifty Etf,Etf,,,Etp,Mutual Fund,-1
17292,Tatneft Pao-Sponsored Adr,Adr,Tatneft Adr,Common Stock,Adr,Depositary Receipt,-1
17323,Tdb Split Corp-Class A,Closed-End Fund,Tdb Split Corp,Common Stock,Closed-End Fund,Mutual Fund,-1
17354,Technology Select Sect Spdr,Etf,Technology Select Sector Spdr® Fund,Etf,Etp,Mutual Fund,-1
17384,Tekla Healthcare Investors,Closed-End Fund,Tekla Healthcare Investors,Common Stock,Closed-End Fund,Mutual Fund,-1
17385,Tekla Life Sciences Investor,Closed-End Fund,Tekla Life Sciences Investors,Common Stock,Closed-End Fund,Mutual Fund,-1
17392,Telecom Argentina Sa-Sp Adr,Adr,Telecom Argentina Sa Adr,Common Stock,Adr,Depositary Receipt,-1
17402,Telefonica Sa-Spon Adr,Adr,Telefonica Sa Adr,Common Stock,Adr,Depositary Receipt,-1
17432,Temple Bar Investment Trust,Closed-End Fund,Temple Bar Investment Trust,Common Stock,Closed-End Fund,Mutual Fund,-1
17436,Templeton Emerging Markets-O,Closed-End Fund,Templeton Emerging Markets Investment Trust Plc,Common Stock,Closed-End Fund,Mutual Fund,-1
17473,Ternium Sa-Sponsored Adr,Adr,Ternium Sa Adr,Common Stock,Adr,Depositary Receipt,-1
17487,Terreno Realty Corp,Reit,Terreno Realty Corporation,Common Stock,Reit,Reit,-1
17504,Tetragon Financial Group Ltd,Closed-End Fund,Tetragon Financial Group Ltd,Common Stock,Closed-End Fund,Mutual Fund,-1
17506,Teucrium Agricultural Fund,Etf,Teucrium Agricultural Fund,Etf,Etp,Mutual Fund,-1
17507,Teucrium Corn Fund,Etf,Teucrium Corn Fund,Etf,Etp,Mutual Fund,-1
17508,Teucrium Soybean Fund,Etf,Teucrium Soybean,Etf,Etp,Mutual Fund,-1
17509,Teucrium Sugar Fund,Etf,Teucrium Sugar,Etf,Etp,Mutual Fund,-1
17510,Teucrium Wheat Fund,Etf,Teucrium Wheat,Etf,Etp,Mutual Fund,-1
17512,Teva Pharmaceutical-Sp Adr,Adr,,,Public,Preferred Stock,-1
17587,Thor Mining Plc-Cdi,Cdi,Thor Mining Plc Drc,Common Stock,Cdi,Depositary Receipt,-1
17589,Thorney Opportunities Ltd,Closed-End Fund,Thorney Opportunities Ltd,Common Stock,Closed-End Fund,Mutual Fund,-1
17590,Thorney Technologies Ltd,Closed-End Fund,Thorney Technologies Ltd,Common Stock,Closed-End Fund,Mutual Fund,-1
17837,Tosei Reit Investment Corp,Reit,Tosei Reit Investment Corp,Common Stock,Reit,Reit,-1
17861,Town Centre Securities Plc,Reit,Town Centre Securities Plc,Common Stock,Reit,Reit,-1
17883,Tpg Re Finance Trust Inc,Reit,Tpg Re Finance Trust Inc,Common Stock,Reit,Reit,-1
17888,Tr Property Investment Trust,Closed-End Fund,Tr Property Investment Trust Plc,Common Stock,Closed-End Fund,Mutual Fund,-1
17889,Tracker Fund Of Hong Kong,Etf,Tracker Fund Of Hong Kong,Etf,Etp,Mutual Fund,-1
17939,Transurban Group,Stapled Security,Transurban Group,Common Stock,Stapled Security,Unit,-1
17961,Trek Metals Ltd,Cdi,Trek Metals Ltd,Common Stock,Cdi,Depositary Receipt,-1
17984,Tribeca Global Natural Resou,Closed-End Fund,Tribeca Global Natural Resources Ltd,Common Stock,Closed-End Fund,Mutual Fund,-1
18014,Trinity Biotech Plc-Spon Adr,Adr,Trinity Biotech Plc,Common Stock,Adr,Depositary Receipt,-1
18031,Tritax Big Box Reit Plc,Reit,Tritax Big Box Reit Plc,Common Stock,Reit,Reit,-1
18105,Tuanche Ltd-Adr,Adr,Tuanche Adr,Common Stock,Adr,Depositary Receipt,-1
18118,Tuniu Corp-Spon Adr,Adr,Tuniu Corp,Common Stock,Adr,Depositary Receipt,-1
18123,Turkcell Iletisim Hizmet-Adr,Adr,Turkcell Iletisim Hizmetleri As,Common Stock,Adr,Depositary Receipt,-1
18142,Twentyfour Income Fund Ltd,Closed-End Fund,Twentyfour Income Fund Ltd,Common Stock,Closed-End Fund,Mutual Fund,-1
18228,Umh Properties Inc,Reit,Umh Properties Inc,Common Stock,Reit,Reit,-1
18241,Unilever Plc-Sponsored Adr,Adr,Unilever Plc Adr,Common Stock,Adr,Depositary Receipt,-1
18254,Union Technologies Informat,Common Stock,Lyxor Index Fund - Lyxor Stoxx Europe 600 Utilities Ucits Etf,Etf,Common Stock,Common Stock,-1
18282,United Corporations Ltd,Closed-End Fund,United Corporations Limited,Common Stock,Closed-End Fund,Mutual Fund,-1
18312,United States Brent Oil Fund,Etf,United States Brent Oil Fund Lp,Etf,Etp,Mutual Fund,-1
18313,United States Gas Fund Lp,Etf,United States Gasoline Fund Lp,Etf,Etp,Mutual Fund,-1
18320,United Urban Investment Corporation,Reit,United Urban Investment Corp,Common Stock,Reit,Reit,-1
18322,Uniti Group Inc,Reit,Uniti Group Inc,Common Stock,Reit,Reit,-1
18366,Urstadt Biddle - Class A,Reit,Urstadt Biddle Properties Inc,Common Stock,Reit,Reit,-1
18367,Urstadt Biddle Properties,Reit,Urstadt Biddle,Common Stock,Reit,Reit,-1
18372,Us Cellular Corp,Common Stock,,,Public,Preferred Stock,-1
18378,Us Financial 15 Split Corp-A,Closed-End Fund,Us Financial 15 Split Corp,Common Stock,Closed-End Fund,Mutual Fund,-1
18383,Us Natural Gas Fund Lp,Etf,United States Natural Gas Fund Lp,Etf,Etp,Mutual Fund,-1
18388,Us Solar Fund Plc,Closed-End Fund,Us Solar Fund Plc,Common Stock,Closed-End Fund,Mutual Fund,-1
18389,Us Solar Fund Plc,Closed-End Fund,Us Solar Fund Plc,Common Stock,Closed-End Fund,Mutual Fund,-1
18409,Utilico Emerging Markets Tru,Closed-End Fund,Utilico Emerging Markets Ltd,Common Stock,Closed-End Fund,Mutual Fund,-1
18410,Utilities Select Sector Spdr,Etf,Utilities Select Sector Spdr® Fund,Etf,Etp,Mutual Fund,-1
18417,Uxin Ltd - Adr,Adr,Uxin Ltd,Common Stock,Adr,Depositary Receipt,-1
18447,Valley National Bancorp,Preferred Stock,Valley National Bancorp,Common Stock,Common Stock,Common Stock,-1
18448,Valley National Bancorp,Preferred Stock,Valley National Bancorp,Common Stock,Common Stock,Common Stock,-1
18472,Vaneck Merk Gold Trust,Etf,Vaneck Merk Gold Trust,Etf,Etp,Mutual Fund,-1
18473,Vaneck Semiconductor,Etf,Vaneck Semiconductor Etf,Etf,Etp,Mutual Fund,-1
18477,Vanguard Energy Etf,Etf,Vanguard Energy Index Fund Etf Shares,Etf,Etp,Mutual Fund,-1
18479,Vanguard Health Care Etf,Etf,Vanguard Health Care Index Fund Etf Shares,Etf,Etp,Mutual Fund,-1
18569,Veon Ltd,Adr,Veon Ltd,Common Stock,Adr,Depositary Receipt,-1
18600,Verona Pharma Plc - Adr,Adr,Verona Pharma Plc Adr,Common Stock,Adr,Depositary Receipt,-1
18619,Vestin Realty Mortgage I Inc,Reit,Vestin Realty Mortgage I Inc,Common Stock,,,-1
18620,Vestin Realty Mortgage Ii,Reit,Vestin Realty Mortgage Ii Inc,Common Stock,Reit,Reit,-1
18637,Vici Properties Inc,Reit,Vici Properties Inc,Common Stock,Reit,Reit,-1
18638,Vicinity Centres,Reit,Vicinity Centres Re Ltd,Common Stock,Reit,Reit,-1
18662,Vident Core Us Bond Strategy,Etf,Vident Core U.S. Bond Strategy Etf™,Etf,Etp,Mutual Fund,-1
18663,Vident International Equity,Etf,Vident International Equity Fund™,Etf,Etp,Mutual Fund,-1
18687,Villeroy & Boch Ag-Pref,Preference,Villeroy & Boch Ag,Common Stock,Preference,Preference,-1
18691,Vinacapital Vietnam Opportun,Closed-End Fund,Vinacapital Vietnam Opportunity Fund,Etf,Closed-End Fund,Mutual Fund,-1
18698,Viomi Technology Co Ltd-Adr,Adr,Viomi Technology Adr,Common Stock,Adr,Depositary Receipt,-1
18702,Vipshop Holdings Ltd - Adr,Adr,Vipshop Holdings Limited,Common Stock,Adr,Depositary Receipt,-1
18726,Virtus Lifesci Biotech Clini,Etf,Virtus Lifesci Biotech Clinical Trials Etf,Etf,Etp,Mutual Fund,-1
18745,Visioneering Tech-Cdi,Cdi,Visioneering Technologies Inc,Common Stock,Cdi,Depositary Receipt,-1
18805,Voc Energy Trust,Unit,Voc Energy Trust,Common Stock,Unit,Unit,-1
18826,Volta Finance Ltd,Closed-End Fund,Volta Finance Ltd,Common Stock,Closed-End Fund,Mutual Fund,-1
18839,Voxeljet Ag-Adr,Adr,Voxeljet Ag,Common Stock,Adr,Depositary Receipt,-1
18865,Vukile Property Fund Ltd,Reit,Vukile Property Fund Ltd,Common Stock,Reit,Reit,-1
18887,Wahed Ftse Usa Shariah Etf,Etf,Wahed Ftse Usa Shariah Etf,Etf,Etp,Mutual Fund,-1
18912,Wam Capital Limited,Closed-End Fund,Wam Capital Ltd,Common Stock,Closed-End Fund,Mutual Fund,-1
18929,Warehouses Estates Belgium,Reit,Warehouses Estates Belgium Sca,Common Stock,Reit,Reit,-1
18999,Wedbush Etfmg Video Game Tec,Etf,Wedbush Etfmg Video Game Tech Etf,Etf,Etp,Mutual Fund,-1
19007,Weibo Corp-Spon Adr,Adr,Weibo Corp,Common Stock,Adr,Depositary Receipt,-1
19015,Weiss Korea Opportunity Fund,Closed-End Fund,Weiss Korea Opportunity Fund,Common Stock,Closed-End Fund,Mutual Fund,-1
19069,Westlake Chemical Partners L,Mlp,Westlake Chemical Partners Lp,Common Stock,Mlp,Partnership Shares,-1
19096,Wheeler Real Estate Investme,Reit,Wheeler Real Estate Investment Trust Inc,Common Stock,Reit,Reit,-1
19115,Whitefield Limited,Closed-End Fund,Whitefield Ltd Pref B,Common Stock,Public,Preferred Stock,-1
19116,Whitefield Limited,Preferred Stock,Whitefield Ltd Pref B,Common Stock,Public,Preferred Stock,-1
19200,Wintrust Financial Corp,Common Stock,Wintrust Financial Corp Pref,Preferred Stock,Public,Preferred Stock,-1
19209,Wisdomtree International Esg,Etf,Wisdomtree International Esg Fund,Etf,Etp,Mutual Fund,-1
19211,Wisdomtree Japan Hedged Eq,Etf,Wisdomtree Japan Hedged Equity Fund,Etf,Etp,Mutual Fund,-1
19213,Wisdomtree Trust Wisdomtree,Etf,Wisdomtree Interest Rate Hedged U.S. Aggregate Bond Fund,Etf,Etp,Mutual Fund,-1
19231,Wns Holdings Ltd-Adr,Adr,Wns Holdings Ltd,Common Stock,Adr,Depositary Receipt,-1
19261,Workspace Group Plc,Reit,Workspace Group Plc,Common Stock,Reit,Reit,-1
19264,World Financial Split Corp-A,Closed-End Fund,World Financial Split Corp,Common Stock,Closed-End Fund,Mutual Fund,-1
19273,World Poker Fund Holdings In,Common Stock,World Poker Fund Holdings Inc,Mutual Fund,Common Stock,Common Stock,-1
19283,Worldwide Healthcare Trust P,Closed-End Fund,Worldwide Healthcare Trust Plc,Common Stock,Closed-End Fund,Mutual Fund,-1
19291,Wp Carey Inc,Reit,W P Carey Inc,Common Stock,Reit,Reit,-1
19302,Wsdmtree Yld En Us St Agg,Etf,Wisdomtree Yield Enhanced U.S. Short-Term Aggregate Bond Fund,Etf,Etp,Mutual Fund,-1
19323,X Financial-Adr,Adr,X Financial Class A,Common Stock,Adr,Depositary Receipt,-1
19340,Xenia Hotels & Resorts Inc,Reit,Xenia Hotels & Resorts Inc,Common Stock,Reit,Reit,-1
19384,Xinyuan Real Estate Co L-Adr,Adr,Xinyuan Real Estate Co Ltd,Common Stock,Adr,Depositary Receipt,-1
19409,Xtl Biopharmaceuticals-Adr,Adr,Xtl Biopharmaceuticals Ltd Adr,Common Stock,Adr,Depositary Receipt,-1
19414,Xunlei Ltd-Adr,Adr,Xunlei Ltd Adr,Common Stock,Adr,Depositary Receipt,-1
19418,Xymax Reit Investment Corp,Reit,Xymax Reit Investment Corp,Common Stock,Reit,Reit,-1
19479,Yew Grove Reit Plc,Reit,,,Common Stock,Common Stock,-1
19493,Yiren Digital Ltd - Sps Adr,Adr,Yirendai Ltd,Common Stock,Adr,Depositary Receipt,-1
19548,Yunji Inc-Adr,Adr,Yunji Inc,Common Stock,Adr,Depositary Receipt,-1
19567,Zai Lab Ltd-Adr,Adr,Zai Lab Ltd,Common Stock,Adr,Depositary Receipt,-1
19582,Zealand Pharma A/S-Adr,Adr,Zealand Pharma A/S Adr,Common Stock,Adr,Depositary Receipt,-1
19621,Zeta Resources Ltd,Closed-End Fund,Zeta Resources Ltd,Common Stock,Closed-End Fund,Mutual Fund,-1
19713,Zto Express Cayman Inc-Adr,Adr,Zto Express (Cayman) Inc,Common Stock,Adr,Depositary Receipt,-1
